-- phpMyAdmin SQL Dump
-- version 5.2.0
-- https://www.phpmyadmin.net/
--
-- Host: localhost
-- Waktu pembuatan: 14 Nov 2024 pada 08.27
-- Versi server: 10.4.22-MariaDB
-- Versi PHP: 7.4.27

SET SQL_MODE = "NO_AUTO_VALUE_ON_ZERO";
START TRANSACTION;
SET time_zone = "+00:00";


/*!40101 SET @OLD_CHARACTER_SET_CLIENT=@@CHARACTER_SET_CLIENT */;
/*!40101 SET @OLD_CHARACTER_SET_RESULTS=@@CHARACTER_SET_RESULTS */;
/*!40101 SET @OLD_COLLATION_CONNECTION=@@COLLATION_CONNECTION */;
/*!40101 SET NAMES utf8mb4 */;

--
-- Database: `digital_signature`
--

-- --------------------------------------------------------

--
-- Struktur dari tabel `dokumen`
--

CREATE TABLE `dokumen` (
  `dokId` int(11) NOT NULL,
  `dokJnsId` int(11) NOT NULL COMMENT 'Jenis Dokumen',
  `dokNoSrt` varchar(100) DEFAULT NULL,
  `dokNama` varchar(100) DEFAULT NULL COMMENT 'Judul Permintaan Dokumen',
  `dokCatatan` varchar(150) DEFAULT NULL,
  `dokFile` varchar(255) DEFAULT NULL COMMENT 'File Dokumen',
  `dokStatus` tinyint(1) DEFAULT 0 COMMENT '0 = Pending, 1 Setujui',
  `dokUsrTtd` int(11) DEFAULT NULL,
  `dokUserAdd` varchar(50) DEFAULT NULL,
  `dokUserAddDate` datetime DEFAULT NULL,
  `dokUserUpdate` varchar(50) DEFAULT NULL,
  `dokUserUpdateDate` datetime DEFAULT NULL
) ENGINE=InnoDB DEFAULT CHARSET=latin1;

--
-- Dumping data untuk tabel `dokumen`
--

INSERT INTO `dokumen` (`dokId`, `dokJnsId`, `dokNoSrt`, `dokNama`, `dokCatatan`, `dokFile`, `dokStatus`, `dokUsrTtd`, `dokUserAdd`, `dokUserAddDate`, `dokUserUpdate`, `dokUserUpdateDate`) VALUES
(3, 1, 'R1/VIII/2011', 'Surat kerterangan partai', NULL, 'draft-admin-Contoh-Surat-Keterangan-Kerja.pdf', 0, NULL, '1', '2024-09-19 00:00:00', NULL, NULL),
(4, 1, 'R1/VIII/2011', 'Surat kerterangan partai', NULL, 'draft-admin-contoh_upload.pdf', 0, NULL, '1', '2024-09-28 00:00:00', NULL, NULL),
(5, 3, 'juu', 'idoiaio', NULL, 'draft-admin-contoh_upload.pdf', 0, NULL, '1', '2024-11-14 00:00:00', NULL, NULL);

-- --------------------------------------------------------

--
-- Struktur dari tabel `dokumen_paraf`
--

CREATE TABLE `dokumen_paraf` (
  `dokprId` int(11) NOT NULL,
  `dokprDokId` int(11) DEFAULT NULL,
  `dokprPjbId` int(11) DEFAULT NULL,
  `dokprStatus` enum('draft','tolak','sudah') DEFAULT 'draft',
  `dokprCatatan` tinytext DEFAULT NULL
) ENGINE=InnoDB DEFAULT CHARSET=latin1;

--
-- Dumping data untuk tabel `dokumen_paraf`
--

INSERT INTO `dokumen_paraf` (`dokprId`, `dokprDokId`, `dokprPjbId`, `dokprStatus`, `dokprCatatan`) VALUES
(11, 3, 10, 'draft', NULL),
(12, 3, 9, 'draft', NULL),
(13, 4, 6, 'draft', NULL),
(14, 4, 3, 'draft', NULL),
(15, 5, 7, 'draft', NULL);

-- --------------------------------------------------------

--
-- Struktur dari tabel `dokumen_penandatangan`
--

CREATE TABLE `dokumen_penandatangan` (
  `dokttdId` int(11) NOT NULL,
  `dokttdDokId` int(11) DEFAULT NULL,
  `dokttdPjbId` int(11) DEFAULT NULL,
  `dokttdKorX` text DEFAULT NULL,
  `dokttdKorY` text DEFAULT NULL,
  `dokttdStatus` enum('draft','tolak','sudah') DEFAULT NULL
) ENGINE=InnoDB DEFAULT CHARSET=latin1;

--
-- Dumping data untuk tabel `dokumen_penandatangan`
--

INSERT INTO `dokumen_penandatangan` (`dokttdId`, `dokttdDokId`, `dokttdPjbId`, `dokttdKorX`, `dokttdKorY`, `dokttdStatus`) VALUES
(3, 3, 1, NULL, NULL, NULL),
(7, 4, 1, NULL, NULL, NULL),
(8, 5, 3, NULL, NULL, NULL),
(9, 5, 6, NULL, NULL, NULL);

-- --------------------------------------------------------

--
-- Struktur dari tabel `pejabat_ref`
--

CREATE TABLE `pejabat_ref` (
  `pjbId` int(11) NOT NULL,
  `pjbJabatan` varchar(200) DEFAULT NULL,
  `pjbKode` varchar(10) DEFAULT NULL,
  `pjbNipm` varchar(100) DEFAULT NULL,
  `pjbNama` varchar(250) DEFAULT NULL,
  `pjbUserId` int(11) DEFAULT NULL,
  `pjbUserCreate` varchar(100) DEFAULT NULL,
  `pjbTglCreate` datetime DEFAULT NULL,
  `pjbUserUpdate` varchar(100) DEFAULT NULL,
  `pjbTglUpdate` datetime DEFAULT NULL
) ENGINE=InnoDB DEFAULT CHARSET=latin1;

--
-- Dumping data untuk tabel `pejabat_ref`
--

INSERT INTO `pejabat_ref` (`pjbId`, `pjbJabatan`, `pjbKode`, `pjbNipm`, `pjbNama`, `pjbUserId`, `pjbUserCreate`, `pjbTglCreate`, `pjbUserUpdate`, `pjbTglUpdate`) VALUES
(1, 'Rektor', 'R', '196202181987021001', 'Prof. Dr. Muchlas, M.T.', 17, 'dada', NULL, 'admin', '2024-07-15 09:45:11'),
(3, 'Wakil Rektor Bidang Keuangan KAUI', 'R.4', '197006061996010110784315', 'Dr. Utik Bidayati, S.E., M.M.', 46, 'admin', '2024-05-07 10:53:30', 'admin', '2024-07-15 09:46:29'),
(4, 'Wakil Rektor Bidang SDM', 'R.3', '198103152004090110919990', 'Dr. Norma Sari, S.H., M.Hum.', 41, 'admin', '2024-05-07 10:54:45', 'admin', '2024-07-15 09:46:07'),
(6, 'Wakil Rektor Bidang Al-Islam dan Kemuhammadiyahan', 'R.1', '197509022001011110878390', 'Dr. Nur Kholis S.Ag., M.Ag.', 43, 'admin', '2024-05-08 11:06:12', 'admin', '2024-07-15 09:45:32'),
(7, 'Wakil Rektor Bidang Akademik', 'R.2', '197405212000021110862028', 'Prof. Sunardi S.T., M.T.,Ph.D.', 44, 'admin', '2024-05-08 11:06:57', 'admin', '2024-07-15 09:45:49'),
(8, 'Wakil Rektor Bidang Kemahasiswaan dan Alumni', 'R.5', '197907102004091110885095', 'Dr. Gatot Sugiharto S.H., M.H.', 45, 'admin', '2024-05-08 11:07:56', 'admin', '2024-07-15 09:46:50'),
(9, 'Kepala Kantor Universitas', 'U.1', '198311192009051111027702', 'Dr. Dody Hartanto S.Pd., M.Pd.', 47, 'admin', '2024-05-08 11:09:45', 'admin', '2024-07-15 09:47:27'),
(10, 'Kepala BSI', 'U.x', '198011152005011002', 'Fiftin Novianto S.Kom. M.Cs', NULL, NULL, NULL, NULL, NULL);

-- --------------------------------------------------------

--
-- Struktur dari tabel `ref_dokumen_jenis`
--

CREATE TABLE `ref_dokumen_jenis` (
  `jnsId` int(11) NOT NULL,
  `jnsNama` varchar(150) DEFAULT NULL
) ENGINE=InnoDB DEFAULT CHARSET=latin1;

--
-- Dumping data untuk tabel `ref_dokumen_jenis`
--

INSERT INTO `ref_dokumen_jenis` (`jnsId`, `jnsNama`) VALUES
(1, 'Surat Penting'),
(2, 'Skripsi'),
(3, 'Naskah Publikasi'),
(4, 'Surat Keterangan');

-- --------------------------------------------------------

--
-- Struktur dari tabel `sys_backup_app`
--

CREATE TABLE `sys_backup_app` (
  `BackupId` int(11) NOT NULL,
  `BackupName` varchar(250) DEFAULT NULL,
  `BackupTime` datetime DEFAULT NULL,
  `BackupUnit` varchar(255) DEFAULT NULL,
  `BackupAddUser` varchar(255) DEFAULT NULL,
  `BackupAddTime` datetime DEFAULT NULL,
  `BackupUpdateUser` varchar(255) DEFAULT NULL,
  `BackupUpdateTime` datetime DEFAULT NULL
) ENGINE=InnoDB DEFAULT CHARSET=latin1;

-- --------------------------------------------------------

--
-- Struktur dari tabel `sys_backup_db`
--

CREATE TABLE `sys_backup_db` (
  `BackupId` int(11) NOT NULL,
  `BackupName` varchar(250) DEFAULT NULL,
  `BackupTime` datetime DEFAULT NULL,
  `BackupUnit` varchar(255) DEFAULT NULL,
  `BackupAddUser` varchar(255) DEFAULT NULL,
  `BackupAddTime` datetime DEFAULT NULL,
  `BackupUpdateUser` varchar(255) DEFAULT NULL,
  `BackupUpdateTime` datetime DEFAULT NULL
) ENGINE=InnoDB DEFAULT CHARSET=latin1;

-- --------------------------------------------------------

--
-- Struktur dari tabel `sys_captcha`
--

CREATE TABLE `sys_captcha` (
  `captcha_id` bigint(13) UNSIGNED NOT NULL,
  `captcha_time` int(10) UNSIGNED NOT NULL,
  `ip_address` varchar(45) NOT NULL,
  `word` varchar(20) NOT NULL
) ENGINE=InnoDB DEFAULT CHARSET=latin1;

--
-- Dumping data untuk tabel `sys_captcha`
--

INSERT INTO `sys_captcha` (`captcha_id`, `captcha_time`, `ip_address`, `word`) VALUES
(42, 1722824087, '::1', '53852773');

-- --------------------------------------------------------

--
-- Struktur dari tabel `sys_config`
--

CREATE TABLE `sys_config` (
  `ConfigId` int(10) UNSIGNED NOT NULL,
  `ConfigCode` varchar(25) DEFAULT NULL,
  `ConfigName` varchar(50) DEFAULT NULL,
  `ConfigType` enum('text','radio','checkbox','combo','file') DEFAULT NULL,
  `ConfigValue` varchar(255) DEFAULT NULL,
  `ConfigUnitId` int(11) DEFAULT NULL,
  `ConfigAddUser` varchar(255) DEFAULT NULL,
  `ConfigAddTime` datetime DEFAULT NULL,
  `ConfigUpdateUser` varchar(255) DEFAULT NULL,
  `ConfigUpdateTime` datetime DEFAULT NULL
) ENGINE=InnoDB DEFAULT CHARSET=latin1;

--
-- Dumping data untuk tabel `sys_config`
--

INSERT INTO `sys_config` (`ConfigId`, `ConfigCode`, `ConfigName`, `ConfigType`, `ConfigValue`, `ConfigUnitId`, `ConfigAddUser`, `ConfigAddTime`, `ConfigUpdateUser`, `ConfigUpdateTime`) VALUES
(1, 'COUNTER_PAS', 'Nomor yang dilompati', 'text', '10,20,30,40,50,60', NULL, 'system', '2016-01-28 09:34:52', NULL, NULL),
(2, 'ACTIVE_TAHUN', 'Tahun aktif system', 'text', '2017', NULL, 'system', '2016-01-28 09:34:54', NULL, NULL);

-- --------------------------------------------------------

--
-- Struktur dari tabel `sys_group`
--

CREATE TABLE `sys_group` (
  `GroupId` int(11) NOT NULL,
  `GroupName` varchar(150) DEFAULT NULL,
  `GroupDescription` varchar(255) DEFAULT NULL,
  `GroupAddUser` varchar(255) DEFAULT NULL,
  `GroupAddTime` datetime DEFAULT NULL,
  `GroupUpdateUser` varchar(255) DEFAULT NULL,
  `GroupUpdateTime` datetime DEFAULT NULL
) ENGINE=InnoDB DEFAULT CHARSET=latin1 CHECKSUM=1 DELAY_KEY_WRITE=1 ROW_FORMAT=DYNAMIC;

--
-- Dumping data untuk tabel `sys_group`
--

INSERT INTO `sys_group` (`GroupId`, `GroupName`, `GroupDescription`, `GroupAddUser`, `GroupAddTime`, `GroupUpdateUser`, `GroupUpdateTime`) VALUES
(0, 'Root', 'Super Root Admin', NULL, '2015-10-12 14:15:04', 'admin', '2024-09-07 12:46:04');

-- --------------------------------------------------------

--
-- Struktur dari tabel `sys_group_detail`
--

CREATE TABLE `sys_group_detail` (
  `GroupDetailMenuActionId` int(11) NOT NULL,
  `GroupDetailGroupId` int(11) NOT NULL,
  `GroupDetailAddUser` varchar(255) DEFAULT NULL,
  `GroupDetailAddTime` datetime DEFAULT NULL,
  `GroupDetailUpdateUser` varchar(255) DEFAULT NULL,
  `GroupDetailUpdateTime` datetime DEFAULT NULL
) ENGINE=InnoDB DEFAULT CHARSET=latin1 CHECKSUM=1 DELAY_KEY_WRITE=1 ROW_FORMAT=DYNAMIC;

--
-- Dumping data untuk tabel `sys_group_detail`
--

INSERT INTO `sys_group_detail` (`GroupDetailMenuActionId`, `GroupDetailGroupId`, `GroupDetailAddUser`, `GroupDetailAddTime`, `GroupDetailUpdateUser`, `GroupDetailUpdateTime`) VALUES
(1, 0, NULL, '2024-09-07 12:46:04', 'admin', NULL),
(2, 0, NULL, '2024-09-07 12:46:04', 'admin', '2024-09-07 12:46:04'),
(3, 0, NULL, '2024-09-07 12:46:04', 'admin', NULL),
(4, 0, NULL, '2024-09-07 12:46:04', 'admin', NULL),
(5, 0, NULL, '2024-09-07 12:46:04', 'admin', NULL),
(6, 0, NULL, '2024-09-07 12:46:04', 'admin', '2024-09-07 12:46:04'),
(7, 0, NULL, '2024-09-07 12:46:04', 'admin', NULL),
(8, 0, NULL, '2024-09-07 12:46:04', 'admin', NULL),
(9, 0, NULL, '2024-09-07 12:46:04', 'admin', NULL),
(10, 0, NULL, '2024-09-07 12:46:04', 'admin', '2024-09-07 12:46:04'),
(11, 0, NULL, '2024-09-07 12:46:04', 'admin', NULL),
(12, 0, NULL, '2024-09-07 12:46:04', 'admin', NULL),
(13, 0, NULL, '2024-09-07 12:46:04', 'admin', NULL),
(24, 0, NULL, '2024-09-07 12:46:04', 'admin', '2024-09-07 12:46:04'),
(25, 0, NULL, '2024-09-07 12:46:04', 'admin', NULL),
(26, 0, NULL, '2024-09-07 12:46:04', 'admin', '2024-09-07 12:46:04'),
(27, 0, NULL, '2024-09-07 12:46:04', 'admin', NULL),
(28, 0, NULL, '2024-09-07 12:46:04', 'admin', NULL),
(29, 0, NULL, '2024-09-07 12:46:04', 'admin', NULL),
(128, 0, NULL, '2024-09-07 12:46:04', 'admin', NULL),
(129, 0, NULL, '2024-09-07 12:46:04', 'admin', NULL),
(192, 0, NULL, '2024-09-07 12:46:04', 'admin', NULL),
(198, 0, NULL, '2024-09-07 12:46:04', 'admin', NULL),
(216, 0, NULL, '2024-09-07 12:46:04', 'admin', NULL),
(332, 0, NULL, '2024-09-07 12:46:04', 'admin', '2024-09-07 12:46:04'),
(333, 0, NULL, '2024-09-07 12:46:04', 'admin', NULL),
(334, 0, NULL, '2024-09-07 12:46:04', 'admin', NULL),
(335, 0, NULL, '2024-09-07 12:46:04', 'admin', NULL),
(336, 0, NULL, '2024-09-07 12:46:04', 'admin', NULL),
(338, 0, NULL, '2024-09-07 12:46:04', 'admin', NULL),
(339, 0, NULL, '2024-09-07 12:46:04', 'admin', '2024-09-07 12:46:04'),
(340, 0, NULL, '2024-09-07 12:46:04', 'admin', NULL),
(341, 0, NULL, '2024-09-07 12:46:04', 'admin', NULL),
(342, 0, NULL, '2024-09-07 12:46:04', 'admin', NULL),
(343, 0, NULL, '2024-09-07 12:46:04', 'admin', NULL),
(344, 0, NULL, '2024-09-07 12:46:04', 'admin', NULL),
(345, 0, NULL, '2024-09-07 12:46:04', 'admin', NULL);

-- --------------------------------------------------------

--
-- Struktur dari tabel `sys_log`
--

CREATE TABLE `sys_log` (
  `LogId` bigint(20) UNSIGNED NOT NULL,
  `LogUserId` int(11) DEFAULT NULL,
  `LogTime` timestamp NULL DEFAULT current_timestamp(),
  `LogIpAddress` varchar(45) DEFAULT NULL,
  `LogActivities` varchar(255) DEFAULT NULL
) ENGINE=InnoDB DEFAULT CHARSET=latin1;

-- --------------------------------------------------------

--
-- Struktur dari tabel `sys_login_attempts`
--

CREATE TABLE `sys_login_attempts` (
  `id` bigint(20) NOT NULL,
  `ip_address` varchar(40) COLLATE utf8_bin NOT NULL,
  `login` varchar(50) COLLATE utf8_bin NOT NULL,
  `time` timestamp NOT NULL DEFAULT current_timestamp() ON UPDATE current_timestamp()
) ENGINE=InnoDB DEFAULT CHARSET=utf8 COLLATE=utf8_bin;

-- --------------------------------------------------------

--
-- Struktur dari tabel `sys_menu`
--

CREATE TABLE `sys_menu` (
  `MenuId` int(11) NOT NULL,
  `MenuParentId` int(11) DEFAULT NULL,
  `MenuName` varchar(150) DEFAULT NULL,
  `MenuDescription` varchar(250) DEFAULT NULL,
  `MenuModule` varchar(150) DEFAULT NULL,
  `MenuIsShow` enum('Ya','Tidak') DEFAULT 'Ya',
  `MenuIcon` varchar(50) DEFAULT NULL,
  `MenuIconClass` varchar(250) DEFAULT NULL,
  `MenuIconBackgroundClass` varchar(250) DEFAULT NULL,
  `MenuOrder` int(2) DEFAULT NULL,
  `MenuParam` varchar(250) DEFAULT NULL,
  `MenuStyle` varchar(250) DEFAULT NULL
) ENGINE=InnoDB DEFAULT CHARSET=latin1 CHECKSUM=1 DELAY_KEY_WRITE=1 ROW_FORMAT=DYNAMIC;

--
-- Dumping data untuk tabel `sys_menu`
--

INSERT INTO `sys_menu` (`MenuId`, `MenuParentId`, `MenuName`, `MenuDescription`, `MenuModule`, `MenuIsShow`, `MenuIcon`, `MenuIconClass`, `MenuIconBackgroundClass`, `MenuOrder`, `MenuParam`, `MenuStyle`) VALUES
(1, NULL, 'Pengaturan Sistem', 'Manajemen System', NULL, 'Ya', NULL, 'fa-solid fa-gear', NULL, 90, NULL, '1'),
(2, 1, 'Unit', 'Kepemilikan data, bersifat hirarki', 'system/Unit', 'Ya', NULL, '', NULL, 91, NULL, '1'),
(3, 1, 'Group', 'Menu dan aksi suatu kelompok pada suatu unit', 'system/Group', 'Ya', NULL, '', NULL, 92, NULL, '1'),
(4, 1, 'User', 'Pengguna sistem dengan multi group', 'system/User', 'Ya', NULL, '', NULL, 93, NULL, '1'),
(5, 1, 'Log', 'Merekam beberapa aksi manipulasi data', 'system/Log', 'Tidak', NULL, '', NULL, 94, NULL, '0'),
(6, 1, 'Backup DB', 'Backup dan restore database', 'system/BackupDb', 'Tidak', NULL, '', NULL, 95, NULL, '0'),
(7, 1, 'Backup App', 'Backup dan restore aplikasi', 'system/BackupApp', 'Tidak', NULL, '', NULL, 96, NULL, '0'),
(8, 1, 'Config', 'Konfigurasi pada aplikasi', 'system/Config', 'Ya', NULL, '', NULL, 97, NULL, '1'),
(9, 1, 'Generate Module', 'Generate Module', 'system/Module', 'Ya', NULL, '', NULL, 98, NULL, '0'),
(16, NULL, 'Tanda Tangan', '', NULL, 'Ya', NULL, 'fa fa-database', NULL, 20, NULL, NULL),
(47, 16, 'Tanda Tangan Digital', 'Module Permintaan tanda Tangan Digital', 'refrensi/Signature', 'Ya', NULL, '', NULL, 24, NULL, NULL),
(49, NULL, 'Dokumen', 'Module Dokumen', NULL, 'Ya', NULL, 'fa fa-book', NULL, 10, NULL, NULL),
(50, 49, 'Ajukan Dokumen', 'Module Upload Dokumen Untuk Tanda Tangan', 'master/Dokumen', 'Ya', NULL, '', NULL, 11, NULL, NULL);

-- --------------------------------------------------------

--
-- Struktur dari tabel `sys_menu_action`
--

CREATE TABLE `sys_menu_action` (
  `MenuActionId` int(11) NOT NULL,
  `MenuActionMenuId` int(11) DEFAULT NULL,
  `MenuActionActionId` int(11) DEFAULT NULL,
  `MenuActionName` varchar(100) DEFAULT NULL,
  `MenuActionFunction` varchar(100) DEFAULT NULL,
  `MenuActionSegmen` varchar(255) DEFAULT NULL,
  `MenuActionNeedLogin` tinyint(1) NOT NULL DEFAULT 1
) ENGINE=InnoDB DEFAULT CHARSET=latin1 CHECKSUM=1 DELAY_KEY_WRITE=1 ROW_FORMAT=DYNAMIC;

--
-- Dumping data untuk tabel `sys_menu_action`
--

INSERT INTO `sys_menu_action` (`MenuActionId`, `MenuActionMenuId`, `MenuActionActionId`, `MenuActionName`, `MenuActionFunction`, `MenuActionSegmen`, `MenuActionNeedLogin`) VALUES
(1, 1, 1, 'View', 'index', 'system/Home/index', 1),
(2, 2, 1, 'View', 'index', 'system/Unit/index', 1),
(3, 2, 2, 'Add', 'add', 'system/Unit/add', 1),
(4, 2, 3, 'Update', 'update', 'system/Unit/update', 1),
(5, 2, 4, 'Delete', 'delete', 'system/Unit/delete', 1),
(6, 3, 1, 'View', 'index', 'system/Group/index', 1),
(7, 3, 2, 'Add', 'add', 'system/Group/add', 1),
(8, 3, 3, 'Update', 'update', 'system/Group/update', 1),
(9, 3, 4, 'Delete', 'delete', 'system/Group/delete', 1),
(10, 4, 1, 'View', 'index', 'system/User/index', 1),
(11, 4, 2, 'Add', 'add', 'system/User/add', 1),
(12, 4, 3, 'Update', 'update', 'system/User/update', 1),
(13, 4, 4, 'Delete', 'delete', 'system/User/delete', 1),
(14, 5, 1, 'View', 'index', 'system/Log/index', 1),
(15, 5, 7, 'Detail', 'detail', 'system/Log/detail', 1),
(16, 6, 1, 'View', 'index', 'system/BackupDb/index', 1),
(17, 6, 6, 'Restore', 'restore', 'system/BackupDb/restore', 1),
(18, 6, 7, 'Detail', 'detail', 'system/BackupDb/detail', 1),
(19, 6, 4, 'Delete', 'delete', 'system/BackupDb/delete', 1),
(20, 7, 1, 'View', 'index', 'system/BackupApp/index', 1),
(21, 7, 6, 'Restore', 'restore', 'system/BackupApp/restore', 1),
(22, 7, 7, 'Detail', 'detail', 'system/BackupApp/detail', 1),
(23, 7, 4, 'Delete', 'delete', 'system/BackupApp/delete', 1),
(24, 8, 1, 'View', 'index', 'system/Config/index', 1),
(25, 8, 3, 'Update', 'update', 'system/Config/update', 1),
(26, 9, 1, 'View', 'index', NULL, 1),
(27, 9, 2, 'Add', 'add', NULL, 1),
(28, 9, 3, 'Update', 'update', NULL, 1),
(29, 9, 4, 'Delete', 'delete', NULL, 1),
(30, 6, 12, 'Download', 'download', 'system/BackupDb/Download', 1),
(31, 7, 12, 'Download', 'download', 'system/BackupApp/Download', 1),
(32, 6, 5, 'Backup', 'backup', 'system/BackupDb/backup', 1),
(33, 7, 5, 'Backup', 'backup', 'system/BackupApp/backup', 1),
(128, 3, 5, 'Ajax', 'ajax', 'system/Group/datatables_data_group', 1),
(129, 4, 5, 'Datatables User', 'datatables_user', 'system/User/datatables_user', 1),
(192, 8, 5, 'Ajax', 'ajax', 'system/Config/ajax', 1),
(198, 4, NULL, 'Detail', 'detail', 'system/User/detail', 1),
(216, 16, NULL, 'View', NULL, NULL, 1),
(332, 47, NULL, 'View', 'index', 'refrensi/Signature/index', 1),
(333, 47, NULL, 'Add', 'add', 'refrensi/Signature/add', 1),
(334, 47, NULL, 'Update', 'update', 'refrensi/Signature/update', 1),
(335, 47, NULL, 'Delete', 'delete', 'refrensi/Signature/delete', 1),
(336, 47, NULL, 'Ajax', 'ajax', 'refrensi/Signature/ajax', 1),
(338, 49, NULL, 'View', NULL, NULL, 1),
(339, 50, NULL, 'View', 'index', 'master/Dokumen/index', 1),
(340, 50, NULL, 'Add', 'add', 'master/Dokumen/add', 1),
(341, 50, NULL, 'Update', 'update', 'master/Dokumen/update', 1),
(342, 50, NULL, 'Delete', 'delete', 'master/Dokumen/delete', 1),
(343, 50, NULL, 'Ajax', 'ajax', 'master/Dokumen/ajax', 1),
(344, 50, NULL, 'Detail', 'detail', 'master/Dokumen/detail', 1),
(345, 50, NULL, 'Buat Tanda Tangan', 'save_pdf', 'master/Dokumen/save_pdf', 1);

-- --------------------------------------------------------

--
-- Struktur dari tabel `sys_notif`
--

CREATE TABLE `sys_notif` (
  `NotifId` int(11) NOT NULL,
  `NotifTipe` enum('Files','Message','Person') DEFAULT NULL,
  `NotifTitle` varchar(250) DEFAULT NULL,
  `NotifContent` varchar(250) DEFAULT NULL,
  `NotifLink` varchar(250) DEFAULT NULL,
  `NotifNoUser` varchar(250) NOT NULL DEFAULT '',
  `NotifIsDone` enum('1','0') DEFAULT NULL,
  `NotifTime` datetime DEFAULT NULL
) ENGINE=InnoDB DEFAULT CHARSET=latin1;

-- --------------------------------------------------------

--
-- Struktur dari tabel `sys_role`
--

CREATE TABLE `sys_role` (
  `roleId` tinyint(4) NOT NULL DEFAULT 0,
  `roleNama` varchar(50) NOT NULL DEFAULT ''
) ENGINE=InnoDB DEFAULT CHARSET=latin1 CHECKSUM=1 DELAY_KEY_WRITE=1 ROW_FORMAT=DYNAMIC;

--
-- Dumping data untuk tabel `sys_role`
--

INSERT INTO `sys_role` (`roleId`, `roleNama`) VALUES
(0, 'Staff'),
(1, 'Pejabat'),
(2, 'Kabid'),
(3, 'Unit'),
(4, 'Kantor Universitas');

-- --------------------------------------------------------

--
-- Struktur dari tabel `sys_sessions`
--

CREATE TABLE `sys_sessions` (
  `id` varchar(40) NOT NULL,
  `ip_address` varchar(45) NOT NULL,
  `timestamp` int(10) UNSIGNED NOT NULL DEFAULT 0,
  `data` blob NOT NULL
) ENGINE=MyISAM DEFAULT CHARSET=latin1;

--
-- Dumping data untuk tabel `sys_sessions`
--

INSERT INTO `sys_sessions` (`id`, `ip_address`, `timestamp`, `data`) VALUES
('g9hdtqct185qvervgglfessja23qspbm', '::1', 1726890187, 0x5f5f63695f6c6173745f726567656e65726174657c693a313732363839303138343b757365725f69647c733a313a2231223b757365725f656d61696c7c733a303a22223b757365725f6e616d657c733a353a2261646d696e223b757365725f67726f75707c733a313a2230223b757365725f67726f75705f6e616d657c733a343a22526f6f74223b616e795f757365725f67726f75705f65786973747c4e3b6d656e755f70726976696c6567657c613a31303a7b693a34393b613a373a7b733a363a224d656e754964223b733a323a223439223b733a383a224d656e754e616d65223b733a373a22446f6b756d656e223b733a31323a224d656e75506172656e744964223b4e3b733a31303a224d656e754d6f64756c65223b4e3b733a31333a224d656e7549636f6e436c617373223b733a31303a2266612066612d626f6f6b223b733a393a224d656e754f72646572223b733a323a223130223b733a393a224d656e755374796c65223b4e3b7d693a31363b613a373a7b733a363a224d656e754964223b733a323a223136223b733a383a224d656e754e616d65223b733a31323a2254616e64612054616e67616e223b733a31323a224d656e75506172656e744964223b4e3b733a31303a224d656e754d6f64756c65223b4e3b733a31333a224d656e7549636f6e436c617373223b733a31343a2266612066612d6461746162617365223b733a393a224d656e754f72646572223b733a323a223230223b733a393a224d656e755374796c65223b4e3b7d693a313b613a373a7b733a363a224d656e754964223b733a313a2231223b733a383a224d656e754e616d65223b733a31373a2250656e6761747572616e2053697374656d223b733a31323a224d656e75506172656e744964223b4e3b733a31303a224d656e754d6f64756c65223b4e3b733a31333a224d656e7549636f6e436c617373223b733a31363a2266612d736f6c69642066612d67656172223b733a393a224d656e754f72646572223b733a323a223930223b733a393a224d656e755374796c65223b733a313a2231223b7d693a323b613a373a7b733a363a224d656e754964223b733a313a2232223b733a383a224d656e754e616d65223b733a343a22556e6974223b733a31323a224d656e75506172656e744964223b733a313a2231223b733a31303a224d656e754d6f64756c65223b733a31313a2273797374656d2f556e6974223b733a31333a224d656e7549636f6e436c617373223b733a303a22223b733a393a224d656e754f72646572223b733a323a223931223b733a393a224d656e755374796c65223b733a313a2231223b7d693a333b613a373a7b733a363a224d656e754964223b733a313a2233223b733a383a224d656e754e616d65223b733a353a2247726f7570223b733a31323a224d656e75506172656e744964223b733a313a2231223b733a31303a224d656e754d6f64756c65223b733a31323a2273797374656d2f47726f7570223b733a31333a224d656e7549636f6e436c617373223b733a303a22223b733a393a224d656e754f72646572223b733a323a223932223b733a393a224d656e755374796c65223b733a313a2231223b7d693a343b613a373a7b733a363a224d656e754964223b733a313a2234223b733a383a224d656e754e616d65223b733a343a2255736572223b733a31323a224d656e75506172656e744964223b733a313a2231223b733a31303a224d656e754d6f64756c65223b733a31313a2273797374656d2f55736572223b733a31333a224d656e7549636f6e436c617373223b733a303a22223b733a393a224d656e754f72646572223b733a323a223933223b733a393a224d656e755374796c65223b733a313a2231223b7d693a383b613a373a7b733a363a224d656e754964223b733a313a2238223b733a383a224d656e754e616d65223b733a363a22436f6e666967223b733a31323a224d656e75506172656e744964223b733a313a2231223b733a31303a224d656e754d6f64756c65223b733a31333a2273797374656d2f436f6e666967223b733a31333a224d656e7549636f6e436c617373223b733a303a22223b733a393a224d656e754f72646572223b733a323a223937223b733a393a224d656e755374796c65223b733a313a2231223b7d693a393b613a373a7b733a363a224d656e754964223b733a313a2239223b733a383a224d656e754e616d65223b733a31353a2247656e6572617465204d6f64756c65223b733a31323a224d656e75506172656e744964223b733a313a2231223b733a31303a224d656e754d6f64756c65223b733a31333a2273797374656d2f4d6f64756c65223b733a31333a224d656e7549636f6e436c617373223b733a303a22223b733a393a224d656e754f72646572223b733a323a223938223b733a393a224d656e755374796c65223b733a313a2230223b7d693a34373b613a373a7b733a363a224d656e754964223b733a323a223437223b733a383a224d656e754e616d65223b733a32303a2254616e64612054616e67616e204469676974616c223b733a31323a224d656e75506172656e744964223b733a323a223136223b733a31303a224d656e754d6f64756c65223b733a31383a2272656672656e73692f5369676e6174757265223b733a31333a224d656e7549636f6e436c617373223b733a303a22223b733a393a224d656e754f72646572223b733a323a223234223b733a393a224d656e755374796c65223b4e3b7d693a35303b613a373a7b733a363a224d656e754964223b733a323a223530223b733a383a224d656e754e616d65223b733a31343a22416a756b616e20446f6b756d656e223b733a31323a224d656e75506172656e744964223b733a323a223439223b733a31303a224d656e754d6f64756c65223b733a31343a226d61737465722f446f6b756d656e223b733a31333a224d656e7549636f6e436c617373223b733a303a22223b733a393a224d656e754f72646572223b733a323a223131223b733a393a224d656e755374796c65223b4e3b7d7d616374696f6e5f70726976696c6567657c613a33373a7b693a303b613a343a7b733a31303a224d656e754d6f64756c65223b4e3b733a31343a224d656e75416374696f6e4e616d65223b733a343a2256696577223b733a31383a224d656e75416374696f6e46756e6374696f6e223b4e3b733a31363a224d656e75416374696f6e5365676d656e223b733a303a22223b7d693a313b613a343a7b733a31303a224d656e754d6f64756c65223b4e3b733a31343a224d656e75416374696f6e4e616d65223b733a343a2256696577223b733a31383a224d656e75416374696f6e46756e6374696f6e223b4e3b733a31363a224d656e75416374696f6e5365676d656e223b733a303a22223b7d693a323b613a343a7b733a31303a224d656e754d6f64756c65223b4e3b733a31343a224d656e75416374696f6e4e616d65223b733a343a2256696577223b733a31383a224d656e75416374696f6e46756e6374696f6e223b733a353a22696e646578223b733a31363a224d656e75416374696f6e5365676d656e223b733a31373a2273797374656d2f686f6d652f696e646578223b7d693a333b613a343a7b733a31303a224d656e754d6f64756c65223b733a31313a2273797374656d2f556e6974223b733a31343a224d656e75416374696f6e4e616d65223b733a363a2244656c657465223b733a31383a224d656e75416374696f6e46756e6374696f6e223b733a363a2264656c657465223b733a31363a224d656e75416374696f6e5365676d656e223b733a31383a2273797374656d2f756e69742f64656c657465223b7d693a343b613a343a7b733a31303a224d656e754d6f64756c65223b733a31313a2273797374656d2f556e6974223b733a31343a224d656e75416374696f6e4e616d65223b733a343a2256696577223b733a31383a224d656e75416374696f6e46756e6374696f6e223b733a353a22696e646578223b733a31363a224d656e75416374696f6e5365676d656e223b733a31373a2273797374656d2f756e69742f696e646578223b7d693a353b613a343a7b733a31303a224d656e754d6f64756c65223b733a31313a2273797374656d2f556e6974223b733a31343a224d656e75416374696f6e4e616d65223b733a333a22416464223b733a31383a224d656e75416374696f6e46756e6374696f6e223b733a333a22616464223b733a31363a224d656e75416374696f6e5365676d656e223b733a31353a2273797374656d2f756e69742f616464223b7d693a363b613a343a7b733a31303a224d656e754d6f64756c65223b733a31313a2273797374656d2f556e6974223b733a31343a224d656e75416374696f6e4e616d65223b733a363a22557064617465223b733a31383a224d656e75416374696f6e46756e6374696f6e223b733a363a22757064617465223b733a31363a224d656e75416374696f6e5365676d656e223b733a31383a2273797374656d2f756e69742f757064617465223b7d693a373b613a343a7b733a31303a224d656e754d6f64756c65223b733a31323a2273797374656d2f47726f7570223b733a31343a224d656e75416374696f6e4e616d65223b733a363a22557064617465223b733a31383a224d656e75416374696f6e46756e6374696f6e223b733a363a22757064617465223b733a31363a224d656e75416374696f6e5365676d656e223b733a31393a2273797374656d2f67726f75702f757064617465223b7d693a383b613a343a7b733a31303a224d656e754d6f64756c65223b733a31323a2273797374656d2f47726f7570223b733a31343a224d656e75416374696f6e4e616d65223b733a363a2244656c657465223b733a31383a224d656e75416374696f6e46756e6374696f6e223b733a363a2264656c657465223b733a31363a224d656e75416374696f6e5365676d656e223b733a31393a2273797374656d2f67726f75702f64656c657465223b7d693a393b613a343a7b733a31303a224d656e754d6f64756c65223b733a31323a2273797374656d2f47726f7570223b733a31343a224d656e75416374696f6e4e616d65223b733a343a22416a6178223b733a31383a224d656e75416374696f6e46756e6374696f6e223b733a343a22616a6178223b733a31363a224d656e75416374696f6e5365676d656e223b733a33343a2273797374656d2f67726f75702f646174617461626c65735f646174615f67726f7570223b7d693a31303b613a343a7b733a31303a224d656e754d6f64756c65223b733a31323a2273797374656d2f47726f7570223b733a31343a224d656e75416374696f6e4e616d65223b733a343a2256696577223b733a31383a224d656e75416374696f6e46756e6374696f6e223b733a353a22696e646578223b733a31363a224d656e75416374696f6e5365676d656e223b733a31383a2273797374656d2f67726f75702f696e646578223b7d693a31313b613a343a7b733a31303a224d656e754d6f64756c65223b733a31323a2273797374656d2f47726f7570223b733a31343a224d656e75416374696f6e4e616d65223b733a333a22416464223b733a31383a224d656e75416374696f6e46756e6374696f6e223b733a333a22616464223b733a31363a224d656e75416374696f6e5365676d656e223b733a31363a2273797374656d2f67726f75702f616464223b7d693a31323b613a343a7b733a31303a224d656e754d6f64756c65223b733a31313a2273797374656d2f55736572223b733a31343a224d656e75416374696f6e4e616d65223b733a363a22557064617465223b733a31383a224d656e75416374696f6e46756e6374696f6e223b733a363a22757064617465223b733a31363a224d656e75416374696f6e5365676d656e223b733a31383a2273797374656d2f757365722f757064617465223b7d693a31333b613a343a7b733a31303a224d656e754d6f64756c65223b733a31313a2273797374656d2f55736572223b733a31343a224d656e75416374696f6e4e616d65223b733a363a2244657461696c223b733a31383a224d656e75416374696f6e46756e6374696f6e223b733a363a2264657461696c223b733a31363a224d656e75416374696f6e5365676d656e223b733a31383a2273797374656d2f757365722f64657461696c223b7d693a31343b613a343a7b733a31303a224d656e754d6f64756c65223b733a31313a2273797374656d2f55736572223b733a31343a224d656e75416374696f6e4e616d65223b733a363a2244656c657465223b733a31383a224d656e75416374696f6e46756e6374696f6e223b733a363a2264656c657465223b733a31363a224d656e75416374696f6e5365676d656e223b733a31383a2273797374656d2f757365722f64656c657465223b7d693a31353b613a343a7b733a31303a224d656e754d6f64756c65223b733a31313a2273797374656d2f55736572223b733a31343a224d656e75416374696f6e4e616d65223b733a343a2256696577223b733a31383a224d656e75416374696f6e46756e6374696f6e223b733a353a22696e646578223b733a31363a224d656e75416374696f6e5365676d656e223b733a31373a2273797374656d2f757365722f696e646578223b7d693a31363b613a343a7b733a31303a224d656e754d6f64756c65223b733a31313a2273797374656d2f55736572223b733a31343a224d656e75416374696f6e4e616d65223b733a31353a22446174617461626c65732055736572223b733a31383a224d656e75416374696f6e46756e6374696f6e223b733a31353a22646174617461626c65735f75736572223b733a31363a224d656e75416374696f6e5365676d656e223b733a32373a2273797374656d2f757365722f646174617461626c65735f75736572223b7d693a31373b613a343a7b733a31303a224d656e754d6f64756c65223b733a31313a2273797374656d2f55736572223b733a31343a224d656e75416374696f6e4e616d65223b733a333a22416464223b733a31383a224d656e75416374696f6e46756e6374696f6e223b733a333a22616464223b733a31363a224d656e75416374696f6e5365676d656e223b733a31353a2273797374656d2f757365722f616464223b7d693a31383b613a343a7b733a31303a224d656e754d6f64756c65223b733a31333a2273797374656d2f436f6e666967223b733a31343a224d656e75416374696f6e4e616d65223b733a343a2256696577223b733a31383a224d656e75416374696f6e46756e6374696f6e223b733a353a22696e646578223b733a31363a224d656e75416374696f6e5365676d656e223b733a31393a2273797374656d2f636f6e6669672f696e646578223b7d693a31393b613a343a7b733a31303a224d656e754d6f64756c65223b733a31333a2273797374656d2f436f6e666967223b733a31343a224d656e75416374696f6e4e616d65223b733a343a22416a6178223b733a31383a224d656e75416374696f6e46756e6374696f6e223b733a343a22616a6178223b733a31363a224d656e75416374696f6e5365676d656e223b733a31383a2273797374656d2f636f6e6669672f616a6178223b7d693a32303b613a343a7b733a31303a224d656e754d6f64756c65223b733a31333a2273797374656d2f436f6e666967223b733a31343a224d656e75416374696f6e4e616d65223b733a363a22557064617465223b733a31383a224d656e75416374696f6e46756e6374696f6e223b733a363a22757064617465223b733a31363a224d656e75416374696f6e5365676d656e223b733a32303a2273797374656d2f636f6e6669672f757064617465223b7d693a32313b613a343a7b733a31303a224d656e754d6f64756c65223b733a31333a2273797374656d2f4d6f64756c65223b733a31343a224d656e75416374696f6e4e616d65223b733a363a2244656c657465223b733a31383a224d656e75416374696f6e46756e6374696f6e223b733a363a2264656c657465223b733a31363a224d656e75416374696f6e5365676d656e223b733a303a22223b7d693a32323b613a343a7b733a31303a224d656e754d6f64756c65223b733a31333a2273797374656d2f4d6f64756c65223b733a31343a224d656e75416374696f6e4e616d65223b733a343a2256696577223b733a31383a224d656e75416374696f6e46756e6374696f6e223b733a353a22696e646578223b733a31363a224d656e75416374696f6e5365676d656e223b733a303a22223b7d693a32333b613a343a7b733a31303a224d656e754d6f64756c65223b733a31333a2273797374656d2f4d6f64756c65223b733a31343a224d656e75416374696f6e4e616d65223b733a333a22416464223b733a31383a224d656e75416374696f6e46756e6374696f6e223b733a333a22616464223b733a31363a224d656e75416374696f6e5365676d656e223b733a303a22223b7d693a32343b613a343a7b733a31303a224d656e754d6f64756c65223b733a31333a2273797374656d2f4d6f64756c65223b733a31343a224d656e75416374696f6e4e616d65223b733a363a22557064617465223b733a31383a224d656e75416374696f6e46756e6374696f6e223b733a363a22757064617465223b733a31363a224d656e75416374696f6e5365676d656e223b733a303a22223b7d693a32353b613a343a7b733a31303a224d656e754d6f64756c65223b733a31383a2272656672656e73692f5369676e6174757265223b733a31343a224d656e75416374696f6e4e616d65223b733a333a22416464223b733a31383a224d656e75416374696f6e46756e6374696f6e223b733a333a22616464223b733a31363a224d656e75416374696f6e5365676d656e223b733a32323a2272656672656e73692f7369676e61747572652f616464223b7d693a32363b613a343a7b733a31303a224d656e754d6f64756c65223b733a31383a2272656672656e73692f5369676e6174757265223b733a31343a224d656e75416374696f6e4e616d65223b733a363a22557064617465223b733a31383a224d656e75416374696f6e46756e6374696f6e223b733a363a22757064617465223b733a31363a224d656e75416374696f6e5365676d656e223b733a32353a2272656672656e73692f7369676e61747572652f757064617465223b7d693a32373b613a343a7b733a31303a224d656e754d6f64756c65223b733a31383a2272656672656e73692f5369676e6174757265223b733a31343a224d656e75416374696f6e4e616d65223b733a363a2244656c657465223b733a31383a224d656e75416374696f6e46756e6374696f6e223b733a363a2264656c657465223b733a31363a224d656e75416374696f6e5365676d656e223b733a32353a2272656672656e73692f7369676e61747572652f64656c657465223b7d693a32383b613a343a7b733a31303a224d656e754d6f64756c65223b733a31383a2272656672656e73692f5369676e6174757265223b733a31343a224d656e75416374696f6e4e616d65223b733a343a2256696577223b733a31383a224d656e75416374696f6e46756e6374696f6e223b733a353a22696e646578223b733a31363a224d656e75416374696f6e5365676d656e223b733a32343a2272656672656e73692f7369676e61747572652f696e646578223b7d693a32393b613a343a7b733a31303a224d656e754d6f64756c65223b733a31383a2272656672656e73692f5369676e6174757265223b733a31343a224d656e75416374696f6e4e616d65223b733a343a22416a6178223b733a31383a224d656e75416374696f6e46756e6374696f6e223b733a343a22616a6178223b733a31363a224d656e75416374696f6e5365676d656e223b733a32333a2272656672656e73692f7369676e61747572652f616a6178223b7d693a33303b613a343a7b733a31303a224d656e754d6f64756c65223b733a31343a226d61737465722f446f6b756d656e223b733a31343a224d656e75416374696f6e4e616d65223b733a363a22557064617465223b733a31383a224d656e75416374696f6e46756e6374696f6e223b733a363a22757064617465223b733a31363a224d656e75416374696f6e5365676d656e223b733a32313a226d61737465722f646f6b756d656e2f757064617465223b7d693a33313b613a343a7b733a31303a224d656e754d6f64756c65223b733a31343a226d61737465722f446f6b756d656e223b733a31343a224d656e75416374696f6e4e616d65223b733a31373a22427561742054616e64612054616e67616e223b733a31383a224d656e75416374696f6e46756e6374696f6e223b733a383a22736176655f706466223b733a31363a224d656e75416374696f6e5365676d656e223b733a32333a226d61737465722f646f6b756d656e2f736176655f706466223b7d693a33323b613a343a7b733a31303a224d656e754d6f64756c65223b733a31343a226d61737465722f446f6b756d656e223b733a31343a224d656e75416374696f6e4e616d65223b733a363a2244656c657465223b733a31383a224d656e75416374696f6e46756e6374696f6e223b733a363a2264656c657465223b733a31363a224d656e75416374696f6e5365676d656e223b733a32313a226d61737465722f646f6b756d656e2f64656c657465223b7d693a33333b613a343a7b733a31303a224d656e754d6f64756c65223b733a31343a226d61737465722f446f6b756d656e223b733a31343a224d656e75416374696f6e4e616d65223b733a343a2256696577223b733a31383a224d656e75416374696f6e46756e6374696f6e223b733a353a22696e646578223b733a31363a224d656e75416374696f6e5365676d656e223b733a32303a226d61737465722f646f6b756d656e2f696e646578223b7d693a33343b613a343a7b733a31303a224d656e754d6f64756c65223b733a31343a226d61737465722f446f6b756d656e223b733a31343a224d656e75416374696f6e4e616d65223b733a343a22416a6178223b733a31383a224d656e75416374696f6e46756e6374696f6e223b733a343a22616a6178223b733a31363a224d656e75416374696f6e5365676d656e223b733a31393a226d61737465722f646f6b756d656e2f616a6178223b7d693a33353b613a343a7b733a31303a224d656e754d6f64756c65223b733a31343a226d61737465722f446f6b756d656e223b733a31343a224d656e75416374696f6e4e616d65223b733a333a22416464223b733a31383a224d656e75416374696f6e46756e6374696f6e223b733a333a22616464223b733a31363a224d656e75416374696f6e5365676d656e223b733a31383a226d61737465722f646f6b756d656e2f616464223b7d693a33363b613a343a7b733a31303a224d656e754d6f64756c65223b733a31343a226d61737465722f446f6b756d656e223b733a31343a224d656e75416374696f6e4e616d65223b733a363a2244657461696c223b733a31383a224d656e75416374696f6e46756e6374696f6e223b733a363a2264657461696c223b733a31363a224d656e75416374696f6e5365676d656e223b733a32313a226d61737465722f646f6b756d656e2f64657461696c223b7d7d757365725f7265616c5f6e616d657c733a31333a2241646d696e6973747261746f72223b69735f6c6f676765645f696e7c623a313b757365725f726f6c655f69647c733a313a2230223b757365725f756e69745f6b6f64657c733a313a2252223b757365725f756e69745f69647c733a313a2232223b757365725f756e69745f6e616d657c733a383a2252656b746f726174223b),
('9964qfe0cp6phs12tq465bpq94olde5h', '::1', 1727059950, 0x5f5f63695f6c6173745f726567656e65726174657c693a313732373035393838353b757365725f69647c733a313a2231223b757365725f656d61696c7c733a303a22223b757365725f6e616d657c733a353a2261646d696e223b757365725f67726f75707c733a313a2230223b757365725f67726f75705f6e616d657c733a343a22526f6f74223b616e795f757365725f67726f75705f65786973747c4e3b6d656e755f70726976696c6567657c613a31303a7b693a34393b613a373a7b733a363a224d656e754964223b733a323a223439223b733a383a224d656e754e616d65223b733a373a22446f6b756d656e223b733a31323a224d656e75506172656e744964223b4e3b733a31303a224d656e754d6f64756c65223b4e3b733a31333a224d656e7549636f6e436c617373223b733a31303a2266612066612d626f6f6b223b733a393a224d656e754f72646572223b733a323a223130223b733a393a224d656e755374796c65223b4e3b7d693a31363b613a373a7b733a363a224d656e754964223b733a323a223136223b733a383a224d656e754e616d65223b733a31323a2254616e64612054616e67616e223b733a31323a224d656e75506172656e744964223b4e3b733a31303a224d656e754d6f64756c65223b4e3b733a31333a224d656e7549636f6e436c617373223b733a31343a2266612066612d6461746162617365223b733a393a224d656e754f72646572223b733a323a223230223b733a393a224d656e755374796c65223b4e3b7d693a313b613a373a7b733a363a224d656e754964223b733a313a2231223b733a383a224d656e754e616d65223b733a31373a2250656e6761747572616e2053697374656d223b733a31323a224d656e75506172656e744964223b4e3b733a31303a224d656e754d6f64756c65223b4e3b733a31333a224d656e7549636f6e436c617373223b733a31363a2266612d736f6c69642066612d67656172223b733a393a224d656e754f72646572223b733a323a223930223b733a393a224d656e755374796c65223b733a313a2231223b7d693a323b613a373a7b733a363a224d656e754964223b733a313a2232223b733a383a224d656e754e616d65223b733a343a22556e6974223b733a31323a224d656e75506172656e744964223b733a313a2231223b733a31303a224d656e754d6f64756c65223b733a31313a2273797374656d2f556e6974223b733a31333a224d656e7549636f6e436c617373223b733a303a22223b733a393a224d656e754f72646572223b733a323a223931223b733a393a224d656e755374796c65223b733a313a2231223b7d693a333b613a373a7b733a363a224d656e754964223b733a313a2233223b733a383a224d656e754e616d65223b733a353a2247726f7570223b733a31323a224d656e75506172656e744964223b733a313a2231223b733a31303a224d656e754d6f64756c65223b733a31323a2273797374656d2f47726f7570223b733a31333a224d656e7549636f6e436c617373223b733a303a22223b733a393a224d656e754f72646572223b733a323a223932223b733a393a224d656e755374796c65223b733a313a2231223b7d693a343b613a373a7b733a363a224d656e754964223b733a313a2234223b733a383a224d656e754e616d65223b733a343a2255736572223b733a31323a224d656e75506172656e744964223b733a313a2231223b733a31303a224d656e754d6f64756c65223b733a31313a2273797374656d2f55736572223b733a31333a224d656e7549636f6e436c617373223b733a303a22223b733a393a224d656e754f72646572223b733a323a223933223b733a393a224d656e755374796c65223b733a313a2231223b7d693a383b613a373a7b733a363a224d656e754964223b733a313a2238223b733a383a224d656e754e616d65223b733a363a22436f6e666967223b733a31323a224d656e75506172656e744964223b733a313a2231223b733a31303a224d656e754d6f64756c65223b733a31333a2273797374656d2f436f6e666967223b733a31333a224d656e7549636f6e436c617373223b733a303a22223b733a393a224d656e754f72646572223b733a323a223937223b733a393a224d656e755374796c65223b733a313a2231223b7d693a393b613a373a7b733a363a224d656e754964223b733a313a2239223b733a383a224d656e754e616d65223b733a31353a2247656e6572617465204d6f64756c65223b733a31323a224d656e75506172656e744964223b733a313a2231223b733a31303a224d656e754d6f64756c65223b733a31333a2273797374656d2f4d6f64756c65223b733a31333a224d656e7549636f6e436c617373223b733a303a22223b733a393a224d656e754f72646572223b733a323a223938223b733a393a224d656e755374796c65223b733a313a2230223b7d693a34373b613a373a7b733a363a224d656e754964223b733a323a223437223b733a383a224d656e754e616d65223b733a32303a2254616e64612054616e67616e204469676974616c223b733a31323a224d656e75506172656e744964223b733a323a223136223b733a31303a224d656e754d6f64756c65223b733a31383a2272656672656e73692f5369676e6174757265223b733a31333a224d656e7549636f6e436c617373223b733a303a22223b733a393a224d656e754f72646572223b733a323a223234223b733a393a224d656e755374796c65223b4e3b7d693a35303b613a373a7b733a363a224d656e754964223b733a323a223530223b733a383a224d656e754e616d65223b733a31343a22416a756b616e20446f6b756d656e223b733a31323a224d656e75506172656e744964223b733a323a223439223b733a31303a224d656e754d6f64756c65223b733a31343a226d61737465722f446f6b756d656e223b733a31333a224d656e7549636f6e436c617373223b733a303a22223b733a393a224d656e754f72646572223b733a323a223131223b733a393a224d656e755374796c65223b4e3b7d7d616374696f6e5f70726976696c6567657c613a33373a7b693a303b613a343a7b733a31303a224d656e754d6f64756c65223b4e3b733a31343a224d656e75416374696f6e4e616d65223b733a343a2256696577223b733a31383a224d656e75416374696f6e46756e6374696f6e223b4e3b733a31363a224d656e75416374696f6e5365676d656e223b733a303a22223b7d693a313b613a343a7b733a31303a224d656e754d6f64756c65223b4e3b733a31343a224d656e75416374696f6e4e616d65223b733a343a2256696577223b733a31383a224d656e75416374696f6e46756e6374696f6e223b4e3b733a31363a224d656e75416374696f6e5365676d656e223b733a303a22223b7d693a323b613a343a7b733a31303a224d656e754d6f64756c65223b4e3b733a31343a224d656e75416374696f6e4e616d65223b733a343a2256696577223b733a31383a224d656e75416374696f6e46756e6374696f6e223b733a353a22696e646578223b733a31363a224d656e75416374696f6e5365676d656e223b733a31373a2273797374656d2f686f6d652f696e646578223b7d693a333b613a343a7b733a31303a224d656e754d6f64756c65223b733a31313a2273797374656d2f556e6974223b733a31343a224d656e75416374696f6e4e616d65223b733a363a2244656c657465223b733a31383a224d656e75416374696f6e46756e6374696f6e223b733a363a2264656c657465223b733a31363a224d656e75416374696f6e5365676d656e223b733a31383a2273797374656d2f756e69742f64656c657465223b7d693a343b613a343a7b733a31303a224d656e754d6f64756c65223b733a31313a2273797374656d2f556e6974223b733a31343a224d656e75416374696f6e4e616d65223b733a343a2256696577223b733a31383a224d656e75416374696f6e46756e6374696f6e223b733a353a22696e646578223b733a31363a224d656e75416374696f6e5365676d656e223b733a31373a2273797374656d2f756e69742f696e646578223b7d693a353b613a343a7b733a31303a224d656e754d6f64756c65223b733a31313a2273797374656d2f556e6974223b733a31343a224d656e75416374696f6e4e616d65223b733a333a22416464223b733a31383a224d656e75416374696f6e46756e6374696f6e223b733a333a22616464223b733a31363a224d656e75416374696f6e5365676d656e223b733a31353a2273797374656d2f756e69742f616464223b7d693a363b613a343a7b733a31303a224d656e754d6f64756c65223b733a31313a2273797374656d2f556e6974223b733a31343a224d656e75416374696f6e4e616d65223b733a363a22557064617465223b733a31383a224d656e75416374696f6e46756e6374696f6e223b733a363a22757064617465223b733a31363a224d656e75416374696f6e5365676d656e223b733a31383a2273797374656d2f756e69742f757064617465223b7d693a373b613a343a7b733a31303a224d656e754d6f64756c65223b733a31323a2273797374656d2f47726f7570223b733a31343a224d656e75416374696f6e4e616d65223b733a363a22557064617465223b733a31383a224d656e75416374696f6e46756e6374696f6e223b733a363a22757064617465223b733a31363a224d656e75416374696f6e5365676d656e223b733a31393a2273797374656d2f67726f75702f757064617465223b7d693a383b613a343a7b733a31303a224d656e754d6f64756c65223b733a31323a2273797374656d2f47726f7570223b733a31343a224d656e75416374696f6e4e616d65223b733a363a2244656c657465223b733a31383a224d656e75416374696f6e46756e6374696f6e223b733a363a2264656c657465223b733a31363a224d656e75416374696f6e5365676d656e223b733a31393a2273797374656d2f67726f75702f64656c657465223b7d693a393b613a343a7b733a31303a224d656e754d6f64756c65223b733a31323a2273797374656d2f47726f7570223b733a31343a224d656e75416374696f6e4e616d65223b733a343a22416a6178223b733a31383a224d656e75416374696f6e46756e6374696f6e223b733a343a22616a6178223b733a31363a224d656e75416374696f6e5365676d656e223b733a33343a2273797374656d2f67726f75702f646174617461626c65735f646174615f67726f7570223b7d693a31303b613a343a7b733a31303a224d656e754d6f64756c65223b733a31323a2273797374656d2f47726f7570223b733a31343a224d656e75416374696f6e4e616d65223b733a343a2256696577223b733a31383a224d656e75416374696f6e46756e6374696f6e223b733a353a22696e646578223b733a31363a224d656e75416374696f6e5365676d656e223b733a31383a2273797374656d2f67726f75702f696e646578223b7d693a31313b613a343a7b733a31303a224d656e754d6f64756c65223b733a31323a2273797374656d2f47726f7570223b733a31343a224d656e75416374696f6e4e616d65223b733a333a22416464223b733a31383a224d656e75416374696f6e46756e6374696f6e223b733a333a22616464223b733a31363a224d656e75416374696f6e5365676d656e223b733a31363a2273797374656d2f67726f75702f616464223b7d693a31323b613a343a7b733a31303a224d656e754d6f64756c65223b733a31313a2273797374656d2f55736572223b733a31343a224d656e75416374696f6e4e616d65223b733a363a22557064617465223b733a31383a224d656e75416374696f6e46756e6374696f6e223b733a363a22757064617465223b733a31363a224d656e75416374696f6e5365676d656e223b733a31383a2273797374656d2f757365722f757064617465223b7d693a31333b613a343a7b733a31303a224d656e754d6f64756c65223b733a31313a2273797374656d2f55736572223b733a31343a224d656e75416374696f6e4e616d65223b733a363a2244657461696c223b733a31383a224d656e75416374696f6e46756e6374696f6e223b733a363a2264657461696c223b733a31363a224d656e75416374696f6e5365676d656e223b733a31383a2273797374656d2f757365722f64657461696c223b7d693a31343b613a343a7b733a31303a224d656e754d6f64756c65223b733a31313a2273797374656d2f55736572223b733a31343a224d656e75416374696f6e4e616d65223b733a363a2244656c657465223b733a31383a224d656e75416374696f6e46756e6374696f6e223b733a363a2264656c657465223b733a31363a224d656e75416374696f6e5365676d656e223b733a31383a2273797374656d2f757365722f64656c657465223b7d693a31353b613a343a7b733a31303a224d656e754d6f64756c65223b733a31313a2273797374656d2f55736572223b733a31343a224d656e75416374696f6e4e616d65223b733a343a2256696577223b733a31383a224d656e75416374696f6e46756e6374696f6e223b733a353a22696e646578223b733a31363a224d656e75416374696f6e5365676d656e223b733a31373a2273797374656d2f757365722f696e646578223b7d693a31363b613a343a7b733a31303a224d656e754d6f64756c65223b733a31313a2273797374656d2f55736572223b733a31343a224d656e75416374696f6e4e616d65223b733a31353a22446174617461626c65732055736572223b733a31383a224d656e75416374696f6e46756e6374696f6e223b733a31353a22646174617461626c65735f75736572223b733a31363a224d656e75416374696f6e5365676d656e223b733a32373a2273797374656d2f757365722f646174617461626c65735f75736572223b7d693a31373b613a343a7b733a31303a224d656e754d6f64756c65223b733a31313a2273797374656d2f55736572223b733a31343a224d656e75416374696f6e4e616d65223b733a333a22416464223b733a31383a224d656e75416374696f6e46756e6374696f6e223b733a333a22616464223b733a31363a224d656e75416374696f6e5365676d656e223b733a31353a2273797374656d2f757365722f616464223b7d693a31383b613a343a7b733a31303a224d656e754d6f64756c65223b733a31333a2273797374656d2f436f6e666967223b733a31343a224d656e75416374696f6e4e616d65223b733a343a2256696577223b733a31383a224d656e75416374696f6e46756e6374696f6e223b733a353a22696e646578223b733a31363a224d656e75416374696f6e5365676d656e223b733a31393a2273797374656d2f636f6e6669672f696e646578223b7d693a31393b613a343a7b733a31303a224d656e754d6f64756c65223b733a31333a2273797374656d2f436f6e666967223b733a31343a224d656e75416374696f6e4e616d65223b733a343a22416a6178223b733a31383a224d656e75416374696f6e46756e6374696f6e223b733a343a22616a6178223b733a31363a224d656e75416374696f6e5365676d656e223b733a31383a2273797374656d2f636f6e6669672f616a6178223b7d693a32303b613a343a7b733a31303a224d656e754d6f64756c65223b733a31333a2273797374656d2f436f6e666967223b733a31343a224d656e75416374696f6e4e616d65223b733a363a22557064617465223b733a31383a224d656e75416374696f6e46756e6374696f6e223b733a363a22757064617465223b733a31363a224d656e75416374696f6e5365676d656e223b733a32303a2273797374656d2f636f6e6669672f757064617465223b7d693a32313b613a343a7b733a31303a224d656e754d6f64756c65223b733a31333a2273797374656d2f4d6f64756c65223b733a31343a224d656e75416374696f6e4e616d65223b733a363a2244656c657465223b733a31383a224d656e75416374696f6e46756e6374696f6e223b733a363a2264656c657465223b733a31363a224d656e75416374696f6e5365676d656e223b733a303a22223b7d693a32323b613a343a7b733a31303a224d656e754d6f64756c65223b733a31333a2273797374656d2f4d6f64756c65223b733a31343a224d656e75416374696f6e4e616d65223b733a343a2256696577223b733a31383a224d656e75416374696f6e46756e6374696f6e223b733a353a22696e646578223b733a31363a224d656e75416374696f6e5365676d656e223b733a303a22223b7d693a32333b613a343a7b733a31303a224d656e754d6f64756c65223b733a31333a2273797374656d2f4d6f64756c65223b733a31343a224d656e75416374696f6e4e616d65223b733a333a22416464223b733a31383a224d656e75416374696f6e46756e6374696f6e223b733a333a22616464223b733a31363a224d656e75416374696f6e5365676d656e223b733a303a22223b7d693a32343b613a343a7b733a31303a224d656e754d6f64756c65223b733a31333a2273797374656d2f4d6f64756c65223b733a31343a224d656e75416374696f6e4e616d65223b733a363a22557064617465223b733a31383a224d656e75416374696f6e46756e6374696f6e223b733a363a22757064617465223b733a31363a224d656e75416374696f6e5365676d656e223b733a303a22223b7d693a32353b613a343a7b733a31303a224d656e754d6f64756c65223b733a31383a2272656672656e73692f5369676e6174757265223b733a31343a224d656e75416374696f6e4e616d65223b733a333a22416464223b733a31383a224d656e75416374696f6e46756e6374696f6e223b733a333a22616464223b733a31363a224d656e75416374696f6e5365676d656e223b733a32323a2272656672656e73692f7369676e61747572652f616464223b7d693a32363b613a343a7b733a31303a224d656e754d6f64756c65223b733a31383a2272656672656e73692f5369676e6174757265223b733a31343a224d656e75416374696f6e4e616d65223b733a363a22557064617465223b733a31383a224d656e75416374696f6e46756e6374696f6e223b733a363a22757064617465223b733a31363a224d656e75416374696f6e5365676d656e223b733a32353a2272656672656e73692f7369676e61747572652f757064617465223b7d693a32373b613a343a7b733a31303a224d656e754d6f64756c65223b733a31383a2272656672656e73692f5369676e6174757265223b733a31343a224d656e75416374696f6e4e616d65223b733a363a2244656c657465223b733a31383a224d656e75416374696f6e46756e6374696f6e223b733a363a2264656c657465223b733a31363a224d656e75416374696f6e5365676d656e223b733a32353a2272656672656e73692f7369676e61747572652f64656c657465223b7d693a32383b613a343a7b733a31303a224d656e754d6f64756c65223b733a31383a2272656672656e73692f5369676e6174757265223b733a31343a224d656e75416374696f6e4e616d65223b733a343a2256696577223b733a31383a224d656e75416374696f6e46756e6374696f6e223b733a353a22696e646578223b733a31363a224d656e75416374696f6e5365676d656e223b733a32343a2272656672656e73692f7369676e61747572652f696e646578223b7d693a32393b613a343a7b733a31303a224d656e754d6f64756c65223b733a31383a2272656672656e73692f5369676e6174757265223b733a31343a224d656e75416374696f6e4e616d65223b733a343a22416a6178223b733a31383a224d656e75416374696f6e46756e6374696f6e223b733a343a22616a6178223b733a31363a224d656e75416374696f6e5365676d656e223b733a32333a2272656672656e73692f7369676e61747572652f616a6178223b7d693a33303b613a343a7b733a31303a224d656e754d6f64756c65223b733a31343a226d61737465722f446f6b756d656e223b733a31343a224d656e75416374696f6e4e616d65223b733a363a22557064617465223b733a31383a224d656e75416374696f6e46756e6374696f6e223b733a363a22757064617465223b733a31363a224d656e75416374696f6e5365676d656e223b733a32313a226d61737465722f646f6b756d656e2f757064617465223b7d693a33313b613a343a7b733a31303a224d656e754d6f64756c65223b733a31343a226d61737465722f446f6b756d656e223b733a31343a224d656e75416374696f6e4e616d65223b733a31373a22427561742054616e64612054616e67616e223b733a31383a224d656e75416374696f6e46756e6374696f6e223b733a383a22736176655f706466223b733a31363a224d656e75416374696f6e5365676d656e223b733a32333a226d61737465722f646f6b756d656e2f736176655f706466223b7d693a33323b613a343a7b733a31303a224d656e754d6f64756c65223b733a31343a226d61737465722f446f6b756d656e223b733a31343a224d656e75416374696f6e4e616d65223b733a363a2244656c657465223b733a31383a224d656e75416374696f6e46756e6374696f6e223b733a363a2264656c657465223b733a31363a224d656e75416374696f6e5365676d656e223b733a32313a226d61737465722f646f6b756d656e2f64656c657465223b7d693a33333b613a343a7b733a31303a224d656e754d6f64756c65223b733a31343a226d61737465722f446f6b756d656e223b733a31343a224d656e75416374696f6e4e616d65223b733a343a2256696577223b733a31383a224d656e75416374696f6e46756e6374696f6e223b733a353a22696e646578223b733a31363a224d656e75416374696f6e5365676d656e223b733a32303a226d61737465722f646f6b756d656e2f696e646578223b7d693a33343b613a343a7b733a31303a224d656e754d6f64756c65223b733a31343a226d61737465722f446f6b756d656e223b733a31343a224d656e75416374696f6e4e616d65223b733a343a22416a6178223b733a31383a224d656e75416374696f6e46756e6374696f6e223b733a343a22616a6178223b733a31363a224d656e75416374696f6e5365676d656e223b733a31393a226d61737465722f646f6b756d656e2f616a6178223b7d693a33353b613a343a7b733a31303a224d656e754d6f64756c65223b733a31343a226d61737465722f446f6b756d656e223b733a31343a224d656e75416374696f6e4e616d65223b733a333a22416464223b733a31383a224d656e75416374696f6e46756e6374696f6e223b733a333a22616464223b733a31363a224d656e75416374696f6e5365676d656e223b733a31383a226d61737465722f646f6b756d656e2f616464223b7d693a33363b613a343a7b733a31303a224d656e754d6f64756c65223b733a31343a226d61737465722f446f6b756d656e223b733a31343a224d656e75416374696f6e4e616d65223b733a363a2244657461696c223b733a31383a224d656e75416374696f6e46756e6374696f6e223b733a363a2264657461696c223b733a31363a224d656e75416374696f6e5365676d656e223b733a32313a226d61737465722f646f6b756d656e2f64657461696c223b7d7d757365725f7265616c5f6e616d657c733a31333a2241646d696e6973747261746f72223b69735f6c6f676765645f696e7c623a313b757365725f726f6c655f69647c733a313a2230223b757365725f756e69745f6b6f64657c733a313a2252223b757365725f756e69745f69647c733a313a2232223b757365725f756e69745f6e616d657c733a383a2252656b746f726174223b);
INSERT INTO `sys_sessions` (`id`, `ip_address`, `timestamp`, `data`) VALUES
('kp9bbh6hufv4hplaqo7ntjunhqco7frv', '::1', 1726725224, 0x5f5f63695f6c6173745f726567656e65726174657c693a313732363732353232333b757365725f69647c733a313a2231223b757365725f656d61696c7c733a303a22223b757365725f6e616d657c733a353a2261646d696e223b757365725f67726f75707c733a313a2230223b757365725f67726f75705f6e616d657c733a343a22526f6f74223b616e795f757365725f67726f75705f65786973747c4e3b6d656e755f70726976696c6567657c613a31303a7b693a34393b613a373a7b733a363a224d656e754964223b733a323a223439223b733a383a224d656e754e616d65223b733a373a22446f6b756d656e223b733a31323a224d656e75506172656e744964223b4e3b733a31303a224d656e754d6f64756c65223b4e3b733a31333a224d656e7549636f6e436c617373223b733a31303a2266612066612d626f6f6b223b733a393a224d656e754f72646572223b733a323a223130223b733a393a224d656e755374796c65223b4e3b7d693a31363b613a373a7b733a363a224d656e754964223b733a323a223136223b733a383a224d656e754e616d65223b733a31323a2254616e64612054616e67616e223b733a31323a224d656e75506172656e744964223b4e3b733a31303a224d656e754d6f64756c65223b4e3b733a31333a224d656e7549636f6e436c617373223b733a31343a2266612066612d6461746162617365223b733a393a224d656e754f72646572223b733a323a223230223b733a393a224d656e755374796c65223b4e3b7d693a313b613a373a7b733a363a224d656e754964223b733a313a2231223b733a383a224d656e754e616d65223b733a31373a2250656e6761747572616e2053697374656d223b733a31323a224d656e75506172656e744964223b4e3b733a31303a224d656e754d6f64756c65223b4e3b733a31333a224d656e7549636f6e436c617373223b733a31363a2266612d736f6c69642066612d67656172223b733a393a224d656e754f72646572223b733a323a223930223b733a393a224d656e755374796c65223b733a313a2231223b7d693a323b613a373a7b733a363a224d656e754964223b733a313a2232223b733a383a224d656e754e616d65223b733a343a22556e6974223b733a31323a224d656e75506172656e744964223b733a313a2231223b733a31303a224d656e754d6f64756c65223b733a31313a2273797374656d2f556e6974223b733a31333a224d656e7549636f6e436c617373223b733a303a22223b733a393a224d656e754f72646572223b733a323a223931223b733a393a224d656e755374796c65223b733a313a2231223b7d693a333b613a373a7b733a363a224d656e754964223b733a313a2233223b733a383a224d656e754e616d65223b733a353a2247726f7570223b733a31323a224d656e75506172656e744964223b733a313a2231223b733a31303a224d656e754d6f64756c65223b733a31323a2273797374656d2f47726f7570223b733a31333a224d656e7549636f6e436c617373223b733a303a22223b733a393a224d656e754f72646572223b733a323a223932223b733a393a224d656e755374796c65223b733a313a2231223b7d693a343b613a373a7b733a363a224d656e754964223b733a313a2234223b733a383a224d656e754e616d65223b733a343a2255736572223b733a31323a224d656e75506172656e744964223b733a313a2231223b733a31303a224d656e754d6f64756c65223b733a31313a2273797374656d2f55736572223b733a31333a224d656e7549636f6e436c617373223b733a303a22223b733a393a224d656e754f72646572223b733a323a223933223b733a393a224d656e755374796c65223b733a313a2231223b7d693a383b613a373a7b733a363a224d656e754964223b733a313a2238223b733a383a224d656e754e616d65223b733a363a22436f6e666967223b733a31323a224d656e75506172656e744964223b733a313a2231223b733a31303a224d656e754d6f64756c65223b733a31333a2273797374656d2f436f6e666967223b733a31333a224d656e7549636f6e436c617373223b733a303a22223b733a393a224d656e754f72646572223b733a323a223937223b733a393a224d656e755374796c65223b733a313a2231223b7d693a393b613a373a7b733a363a224d656e754964223b733a313a2239223b733a383a224d656e754e616d65223b733a31353a2247656e6572617465204d6f64756c65223b733a31323a224d656e75506172656e744964223b733a313a2231223b733a31303a224d656e754d6f64756c65223b733a31333a2273797374656d2f4d6f64756c65223b733a31333a224d656e7549636f6e436c617373223b733a303a22223b733a393a224d656e754f72646572223b733a323a223938223b733a393a224d656e755374796c65223b733a313a2230223b7d693a34373b613a373a7b733a363a224d656e754964223b733a323a223437223b733a383a224d656e754e616d65223b733a32303a2254616e64612054616e67616e204469676974616c223b733a31323a224d656e75506172656e744964223b733a323a223136223b733a31303a224d656e754d6f64756c65223b733a31383a2272656672656e73692f5369676e6174757265223b733a31333a224d656e7549636f6e436c617373223b733a303a22223b733a393a224d656e754f72646572223b733a323a223234223b733a393a224d656e755374796c65223b4e3b7d693a35303b613a373a7b733a363a224d656e754964223b733a323a223530223b733a383a224d656e754e616d65223b733a31343a22416a756b616e20446f6b756d656e223b733a31323a224d656e75506172656e744964223b733a323a223439223b733a31303a224d656e754d6f64756c65223b733a31343a226d61737465722f446f6b756d656e223b733a31333a224d656e7549636f6e436c617373223b733a303a22223b733a393a224d656e754f72646572223b733a323a223131223b733a393a224d656e755374796c65223b4e3b7d7d616374696f6e5f70726976696c6567657c613a33373a7b693a303b613a343a7b733a31303a224d656e754d6f64756c65223b4e3b733a31343a224d656e75416374696f6e4e616d65223b733a343a2256696577223b733a31383a224d656e75416374696f6e46756e6374696f6e223b4e3b733a31363a224d656e75416374696f6e5365676d656e223b733a303a22223b7d693a313b613a343a7b733a31303a224d656e754d6f64756c65223b4e3b733a31343a224d656e75416374696f6e4e616d65223b733a343a2256696577223b733a31383a224d656e75416374696f6e46756e6374696f6e223b4e3b733a31363a224d656e75416374696f6e5365676d656e223b733a303a22223b7d693a323b613a343a7b733a31303a224d656e754d6f64756c65223b4e3b733a31343a224d656e75416374696f6e4e616d65223b733a343a2256696577223b733a31383a224d656e75416374696f6e46756e6374696f6e223b733a353a22696e646578223b733a31363a224d656e75416374696f6e5365676d656e223b733a31373a2273797374656d2f686f6d652f696e646578223b7d693a333b613a343a7b733a31303a224d656e754d6f64756c65223b733a31313a2273797374656d2f556e6974223b733a31343a224d656e75416374696f6e4e616d65223b733a363a2244656c657465223b733a31383a224d656e75416374696f6e46756e6374696f6e223b733a363a2264656c657465223b733a31363a224d656e75416374696f6e5365676d656e223b733a31383a2273797374656d2f756e69742f64656c657465223b7d693a343b613a343a7b733a31303a224d656e754d6f64756c65223b733a31313a2273797374656d2f556e6974223b733a31343a224d656e75416374696f6e4e616d65223b733a343a2256696577223b733a31383a224d656e75416374696f6e46756e6374696f6e223b733a353a22696e646578223b733a31363a224d656e75416374696f6e5365676d656e223b733a31373a2273797374656d2f756e69742f696e646578223b7d693a353b613a343a7b733a31303a224d656e754d6f64756c65223b733a31313a2273797374656d2f556e6974223b733a31343a224d656e75416374696f6e4e616d65223b733a333a22416464223b733a31383a224d656e75416374696f6e46756e6374696f6e223b733a333a22616464223b733a31363a224d656e75416374696f6e5365676d656e223b733a31353a2273797374656d2f756e69742f616464223b7d693a363b613a343a7b733a31303a224d656e754d6f64756c65223b733a31313a2273797374656d2f556e6974223b733a31343a224d656e75416374696f6e4e616d65223b733a363a22557064617465223b733a31383a224d656e75416374696f6e46756e6374696f6e223b733a363a22757064617465223b733a31363a224d656e75416374696f6e5365676d656e223b733a31383a2273797374656d2f756e69742f757064617465223b7d693a373b613a343a7b733a31303a224d656e754d6f64756c65223b733a31323a2273797374656d2f47726f7570223b733a31343a224d656e75416374696f6e4e616d65223b733a363a22557064617465223b733a31383a224d656e75416374696f6e46756e6374696f6e223b733a363a22757064617465223b733a31363a224d656e75416374696f6e5365676d656e223b733a31393a2273797374656d2f67726f75702f757064617465223b7d693a383b613a343a7b733a31303a224d656e754d6f64756c65223b733a31323a2273797374656d2f47726f7570223b733a31343a224d656e75416374696f6e4e616d65223b733a363a2244656c657465223b733a31383a224d656e75416374696f6e46756e6374696f6e223b733a363a2264656c657465223b733a31363a224d656e75416374696f6e5365676d656e223b733a31393a2273797374656d2f67726f75702f64656c657465223b7d693a393b613a343a7b733a31303a224d656e754d6f64756c65223b733a31323a2273797374656d2f47726f7570223b733a31343a224d656e75416374696f6e4e616d65223b733a343a22416a6178223b733a31383a224d656e75416374696f6e46756e6374696f6e223b733a343a22616a6178223b733a31363a224d656e75416374696f6e5365676d656e223b733a33343a2273797374656d2f67726f75702f646174617461626c65735f646174615f67726f7570223b7d693a31303b613a343a7b733a31303a224d656e754d6f64756c65223b733a31323a2273797374656d2f47726f7570223b733a31343a224d656e75416374696f6e4e616d65223b733a343a2256696577223b733a31383a224d656e75416374696f6e46756e6374696f6e223b733a353a22696e646578223b733a31363a224d656e75416374696f6e5365676d656e223b733a31383a2273797374656d2f67726f75702f696e646578223b7d693a31313b613a343a7b733a31303a224d656e754d6f64756c65223b733a31323a2273797374656d2f47726f7570223b733a31343a224d656e75416374696f6e4e616d65223b733a333a22416464223b733a31383a224d656e75416374696f6e46756e6374696f6e223b733a333a22616464223b733a31363a224d656e75416374696f6e5365676d656e223b733a31363a2273797374656d2f67726f75702f616464223b7d693a31323b613a343a7b733a31303a224d656e754d6f64756c65223b733a31313a2273797374656d2f55736572223b733a31343a224d656e75416374696f6e4e616d65223b733a363a22557064617465223b733a31383a224d656e75416374696f6e46756e6374696f6e223b733a363a22757064617465223b733a31363a224d656e75416374696f6e5365676d656e223b733a31383a2273797374656d2f757365722f757064617465223b7d693a31333b613a343a7b733a31303a224d656e754d6f64756c65223b733a31313a2273797374656d2f55736572223b733a31343a224d656e75416374696f6e4e616d65223b733a363a2244657461696c223b733a31383a224d656e75416374696f6e46756e6374696f6e223b733a363a2264657461696c223b733a31363a224d656e75416374696f6e5365676d656e223b733a31383a2273797374656d2f757365722f64657461696c223b7d693a31343b613a343a7b733a31303a224d656e754d6f64756c65223b733a31313a2273797374656d2f55736572223b733a31343a224d656e75416374696f6e4e616d65223b733a363a2244656c657465223b733a31383a224d656e75416374696f6e46756e6374696f6e223b733a363a2264656c657465223b733a31363a224d656e75416374696f6e5365676d656e223b733a31383a2273797374656d2f757365722f64656c657465223b7d693a31353b613a343a7b733a31303a224d656e754d6f64756c65223b733a31313a2273797374656d2f55736572223b733a31343a224d656e75416374696f6e4e616d65223b733a343a2256696577223b733a31383a224d656e75416374696f6e46756e6374696f6e223b733a353a22696e646578223b733a31363a224d656e75416374696f6e5365676d656e223b733a31373a2273797374656d2f757365722f696e646578223b7d693a31363b613a343a7b733a31303a224d656e754d6f64756c65223b733a31313a2273797374656d2f55736572223b733a31343a224d656e75416374696f6e4e616d65223b733a31353a22446174617461626c65732055736572223b733a31383a224d656e75416374696f6e46756e6374696f6e223b733a31353a22646174617461626c65735f75736572223b733a31363a224d656e75416374696f6e5365676d656e223b733a32373a2273797374656d2f757365722f646174617461626c65735f75736572223b7d693a31373b613a343a7b733a31303a224d656e754d6f64756c65223b733a31313a2273797374656d2f55736572223b733a31343a224d656e75416374696f6e4e616d65223b733a333a22416464223b733a31383a224d656e75416374696f6e46756e6374696f6e223b733a333a22616464223b733a31363a224d656e75416374696f6e5365676d656e223b733a31353a2273797374656d2f757365722f616464223b7d693a31383b613a343a7b733a31303a224d656e754d6f64756c65223b733a31333a2273797374656d2f436f6e666967223b733a31343a224d656e75416374696f6e4e616d65223b733a343a2256696577223b733a31383a224d656e75416374696f6e46756e6374696f6e223b733a353a22696e646578223b733a31363a224d656e75416374696f6e5365676d656e223b733a31393a2273797374656d2f636f6e6669672f696e646578223b7d693a31393b613a343a7b733a31303a224d656e754d6f64756c65223b733a31333a2273797374656d2f436f6e666967223b733a31343a224d656e75416374696f6e4e616d65223b733a343a22416a6178223b733a31383a224d656e75416374696f6e46756e6374696f6e223b733a343a22616a6178223b733a31363a224d656e75416374696f6e5365676d656e223b733a31383a2273797374656d2f636f6e6669672f616a6178223b7d693a32303b613a343a7b733a31303a224d656e754d6f64756c65223b733a31333a2273797374656d2f436f6e666967223b733a31343a224d656e75416374696f6e4e616d65223b733a363a22557064617465223b733a31383a224d656e75416374696f6e46756e6374696f6e223b733a363a22757064617465223b733a31363a224d656e75416374696f6e5365676d656e223b733a32303a2273797374656d2f636f6e6669672f757064617465223b7d693a32313b613a343a7b733a31303a224d656e754d6f64756c65223b733a31333a2273797374656d2f4d6f64756c65223b733a31343a224d656e75416374696f6e4e616d65223b733a363a2244656c657465223b733a31383a224d656e75416374696f6e46756e6374696f6e223b733a363a2264656c657465223b733a31363a224d656e75416374696f6e5365676d656e223b733a303a22223b7d693a32323b613a343a7b733a31303a224d656e754d6f64756c65223b733a31333a2273797374656d2f4d6f64756c65223b733a31343a224d656e75416374696f6e4e616d65223b733a343a2256696577223b733a31383a224d656e75416374696f6e46756e6374696f6e223b733a353a22696e646578223b733a31363a224d656e75416374696f6e5365676d656e223b733a303a22223b7d693a32333b613a343a7b733a31303a224d656e754d6f64756c65223b733a31333a2273797374656d2f4d6f64756c65223b733a31343a224d656e75416374696f6e4e616d65223b733a333a22416464223b733a31383a224d656e75416374696f6e46756e6374696f6e223b733a333a22616464223b733a31363a224d656e75416374696f6e5365676d656e223b733a303a22223b7d693a32343b613a343a7b733a31303a224d656e754d6f64756c65223b733a31333a2273797374656d2f4d6f64756c65223b733a31343a224d656e75416374696f6e4e616d65223b733a363a22557064617465223b733a31383a224d656e75416374696f6e46756e6374696f6e223b733a363a22757064617465223b733a31363a224d656e75416374696f6e5365676d656e223b733a303a22223b7d693a32353b613a343a7b733a31303a224d656e754d6f64756c65223b733a31383a2272656672656e73692f5369676e6174757265223b733a31343a224d656e75416374696f6e4e616d65223b733a333a22416464223b733a31383a224d656e75416374696f6e46756e6374696f6e223b733a333a22616464223b733a31363a224d656e75416374696f6e5365676d656e223b733a32323a2272656672656e73692f7369676e61747572652f616464223b7d693a32363b613a343a7b733a31303a224d656e754d6f64756c65223b733a31383a2272656672656e73692f5369676e6174757265223b733a31343a224d656e75416374696f6e4e616d65223b733a363a22557064617465223b733a31383a224d656e75416374696f6e46756e6374696f6e223b733a363a22757064617465223b733a31363a224d656e75416374696f6e5365676d656e223b733a32353a2272656672656e73692f7369676e61747572652f757064617465223b7d693a32373b613a343a7b733a31303a224d656e754d6f64756c65223b733a31383a2272656672656e73692f5369676e6174757265223b733a31343a224d656e75416374696f6e4e616d65223b733a363a2244656c657465223b733a31383a224d656e75416374696f6e46756e6374696f6e223b733a363a2264656c657465223b733a31363a224d656e75416374696f6e5365676d656e223b733a32353a2272656672656e73692f7369676e61747572652f64656c657465223b7d693a32383b613a343a7b733a31303a224d656e754d6f64756c65223b733a31383a2272656672656e73692f5369676e6174757265223b733a31343a224d656e75416374696f6e4e616d65223b733a343a2256696577223b733a31383a224d656e75416374696f6e46756e6374696f6e223b733a353a22696e646578223b733a31363a224d656e75416374696f6e5365676d656e223b733a32343a2272656672656e73692f7369676e61747572652f696e646578223b7d693a32393b613a343a7b733a31303a224d656e754d6f64756c65223b733a31383a2272656672656e73692f5369676e6174757265223b733a31343a224d656e75416374696f6e4e616d65223b733a343a22416a6178223b733a31383a224d656e75416374696f6e46756e6374696f6e223b733a343a22616a6178223b733a31363a224d656e75416374696f6e5365676d656e223b733a32333a2272656672656e73692f7369676e61747572652f616a6178223b7d693a33303b613a343a7b733a31303a224d656e754d6f64756c65223b733a31343a226d61737465722f446f6b756d656e223b733a31343a224d656e75416374696f6e4e616d65223b733a363a22557064617465223b733a31383a224d656e75416374696f6e46756e6374696f6e223b733a363a22757064617465223b733a31363a224d656e75416374696f6e5365676d656e223b733a32313a226d61737465722f646f6b756d656e2f757064617465223b7d693a33313b613a343a7b733a31303a224d656e754d6f64756c65223b733a31343a226d61737465722f446f6b756d656e223b733a31343a224d656e75416374696f6e4e616d65223b733a31373a22427561742054616e64612054616e67616e223b733a31383a224d656e75416374696f6e46756e6374696f6e223b733a383a22736176655f706466223b733a31363a224d656e75416374696f6e5365676d656e223b733a32333a226d61737465722f646f6b756d656e2f736176655f706466223b7d693a33323b613a343a7b733a31303a224d656e754d6f64756c65223b733a31343a226d61737465722f446f6b756d656e223b733a31343a224d656e75416374696f6e4e616d65223b733a363a2244656c657465223b733a31383a224d656e75416374696f6e46756e6374696f6e223b733a363a2264656c657465223b733a31363a224d656e75416374696f6e5365676d656e223b733a32313a226d61737465722f646f6b756d656e2f64656c657465223b7d693a33333b613a343a7b733a31303a224d656e754d6f64756c65223b733a31343a226d61737465722f446f6b756d656e223b733a31343a224d656e75416374696f6e4e616d65223b733a343a2256696577223b733a31383a224d656e75416374696f6e46756e6374696f6e223b733a353a22696e646578223b733a31363a224d656e75416374696f6e5365676d656e223b733a32303a226d61737465722f646f6b756d656e2f696e646578223b7d693a33343b613a343a7b733a31303a224d656e754d6f64756c65223b733a31343a226d61737465722f446f6b756d656e223b733a31343a224d656e75416374696f6e4e616d65223b733a343a22416a6178223b733a31383a224d656e75416374696f6e46756e6374696f6e223b733a343a22616a6178223b733a31363a224d656e75416374696f6e5365676d656e223b733a31393a226d61737465722f646f6b756d656e2f616a6178223b7d693a33353b613a343a7b733a31303a224d656e754d6f64756c65223b733a31343a226d61737465722f446f6b756d656e223b733a31343a224d656e75416374696f6e4e616d65223b733a333a22416464223b733a31383a224d656e75416374696f6e46756e6374696f6e223b733a333a22616464223b733a31363a224d656e75416374696f6e5365676d656e223b733a31383a226d61737465722f646f6b756d656e2f616464223b7d693a33363b613a343a7b733a31303a224d656e754d6f64756c65223b733a31343a226d61737465722f446f6b756d656e223b733a31343a224d656e75416374696f6e4e616d65223b733a363a2244657461696c223b733a31383a224d656e75416374696f6e46756e6374696f6e223b733a363a2264657461696c223b733a31363a224d656e75416374696f6e5365676d656e223b733a32313a226d61737465722f646f6b756d656e2f64657461696c223b7d7d757365725f7265616c5f6e616d657c733a31333a2241646d696e6973747261746f72223b69735f6c6f676765645f696e7c623a313b757365725f726f6c655f69647c733a313a2230223b757365725f756e69745f6b6f64657c733a313a2252223b757365725f756e69745f69647c733a313a2232223b757365725f756e69745f6e616d657c733a383a2252656b746f726174223b),
('0rvsu0ptab32venmjk3fg38crf2s8s34', '::1', 1726199730, 0x5f5f63695f6c6173745f726567656e65726174657c693a313732363139393636303b),
('40b49cndpco6v9c681dknbla0jp7bo4a', '::1', 1726280930, 0x5f5f63695f6c6173745f726567656e65726174657c693a313732363238303635373b757365725f69647c733a313a2231223b757365725f656d61696c7c733a303a22223b757365725f6e616d657c733a353a2261646d696e223b757365725f67726f75707c733a313a2230223b757365725f67726f75705f6e616d657c733a343a22526f6f74223b616e795f757365725f67726f75705f65786973747c4e3b6d656e755f70726976696c6567657c613a31303a7b693a34393b613a373a7b733a363a224d656e754964223b733a323a223439223b733a383a224d656e754e616d65223b733a373a22446f6b756d656e223b733a31323a224d656e75506172656e744964223b4e3b733a31303a224d656e754d6f64756c65223b4e3b733a31333a224d656e7549636f6e436c617373223b733a31303a2266612066612d626f6f6b223b733a393a224d656e754f72646572223b733a323a223130223b733a393a224d656e755374796c65223b4e3b7d693a31363b613a373a7b733a363a224d656e754964223b733a323a223136223b733a383a224d656e754e616d65223b733a31323a2254616e64612054616e67616e223b733a31323a224d656e75506172656e744964223b4e3b733a31303a224d656e754d6f64756c65223b4e3b733a31333a224d656e7549636f6e436c617373223b733a31343a2266612066612d6461746162617365223b733a393a224d656e754f72646572223b733a323a223230223b733a393a224d656e755374796c65223b4e3b7d693a313b613a373a7b733a363a224d656e754964223b733a313a2231223b733a383a224d656e754e616d65223b733a31373a2250656e6761747572616e2053697374656d223b733a31323a224d656e75506172656e744964223b4e3b733a31303a224d656e754d6f64756c65223b4e3b733a31333a224d656e7549636f6e436c617373223b733a31363a2266612d736f6c69642066612d67656172223b733a393a224d656e754f72646572223b733a323a223930223b733a393a224d656e755374796c65223b733a313a2231223b7d693a323b613a373a7b733a363a224d656e754964223b733a313a2232223b733a383a224d656e754e616d65223b733a343a22556e6974223b733a31323a224d656e75506172656e744964223b733a313a2231223b733a31303a224d656e754d6f64756c65223b733a31313a2273797374656d2f556e6974223b733a31333a224d656e7549636f6e436c617373223b733a303a22223b733a393a224d656e754f72646572223b733a323a223931223b733a393a224d656e755374796c65223b733a313a2231223b7d693a333b613a373a7b733a363a224d656e754964223b733a313a2233223b733a383a224d656e754e616d65223b733a353a2247726f7570223b733a31323a224d656e75506172656e744964223b733a313a2231223b733a31303a224d656e754d6f64756c65223b733a31323a2273797374656d2f47726f7570223b733a31333a224d656e7549636f6e436c617373223b733a303a22223b733a393a224d656e754f72646572223b733a323a223932223b733a393a224d656e755374796c65223b733a313a2231223b7d693a343b613a373a7b733a363a224d656e754964223b733a313a2234223b733a383a224d656e754e616d65223b733a343a2255736572223b733a31323a224d656e75506172656e744964223b733a313a2231223b733a31303a224d656e754d6f64756c65223b733a31313a2273797374656d2f55736572223b733a31333a224d656e7549636f6e436c617373223b733a303a22223b733a393a224d656e754f72646572223b733a323a223933223b733a393a224d656e755374796c65223b733a313a2231223b7d693a383b613a373a7b733a363a224d656e754964223b733a313a2238223b733a383a224d656e754e616d65223b733a363a22436f6e666967223b733a31323a224d656e75506172656e744964223b733a313a2231223b733a31303a224d656e754d6f64756c65223b733a31333a2273797374656d2f436f6e666967223b733a31333a224d656e7549636f6e436c617373223b733a303a22223b733a393a224d656e754f72646572223b733a323a223937223b733a393a224d656e755374796c65223b733a313a2231223b7d693a393b613a373a7b733a363a224d656e754964223b733a313a2239223b733a383a224d656e754e616d65223b733a31353a2247656e6572617465204d6f64756c65223b733a31323a224d656e75506172656e744964223b733a313a2231223b733a31303a224d656e754d6f64756c65223b733a31333a2273797374656d2f4d6f64756c65223b733a31333a224d656e7549636f6e436c617373223b733a303a22223b733a393a224d656e754f72646572223b733a323a223938223b733a393a224d656e755374796c65223b733a313a2230223b7d693a34373b613a373a7b733a363a224d656e754964223b733a323a223437223b733a383a224d656e754e616d65223b733a32303a2254616e64612054616e67616e204469676974616c223b733a31323a224d656e75506172656e744964223b733a323a223136223b733a31303a224d656e754d6f64756c65223b733a31383a2272656672656e73692f5369676e6174757265223b733a31333a224d656e7549636f6e436c617373223b733a303a22223b733a393a224d656e754f72646572223b733a323a223234223b733a393a224d656e755374796c65223b4e3b7d693a35303b613a373a7b733a363a224d656e754964223b733a323a223530223b733a383a224d656e754e616d65223b733a31343a22416a756b616e20446f6b756d656e223b733a31323a224d656e75506172656e744964223b733a323a223439223b733a31303a224d656e754d6f64756c65223b733a31343a226d61737465722f446f6b756d656e223b733a31333a224d656e7549636f6e436c617373223b733a303a22223b733a393a224d656e754f72646572223b733a323a223131223b733a393a224d656e755374796c65223b4e3b7d7d616374696f6e5f70726976696c6567657c613a33373a7b693a303b613a343a7b733a31303a224d656e754d6f64756c65223b4e3b733a31343a224d656e75416374696f6e4e616d65223b733a343a2256696577223b733a31383a224d656e75416374696f6e46756e6374696f6e223b4e3b733a31363a224d656e75416374696f6e5365676d656e223b733a303a22223b7d693a313b613a343a7b733a31303a224d656e754d6f64756c65223b4e3b733a31343a224d656e75416374696f6e4e616d65223b733a343a2256696577223b733a31383a224d656e75416374696f6e46756e6374696f6e223b4e3b733a31363a224d656e75416374696f6e5365676d656e223b733a303a22223b7d693a323b613a343a7b733a31303a224d656e754d6f64756c65223b4e3b733a31343a224d656e75416374696f6e4e616d65223b733a343a2256696577223b733a31383a224d656e75416374696f6e46756e6374696f6e223b733a353a22696e646578223b733a31363a224d656e75416374696f6e5365676d656e223b733a31373a2273797374656d2f686f6d652f696e646578223b7d693a333b613a343a7b733a31303a224d656e754d6f64756c65223b733a31313a2273797374656d2f556e6974223b733a31343a224d656e75416374696f6e4e616d65223b733a363a22557064617465223b733a31383a224d656e75416374696f6e46756e6374696f6e223b733a363a22757064617465223b733a31363a224d656e75416374696f6e5365676d656e223b733a31383a2273797374656d2f756e69742f757064617465223b7d693a343b613a343a7b733a31303a224d656e754d6f64756c65223b733a31313a2273797374656d2f556e6974223b733a31343a224d656e75416374696f6e4e616d65223b733a363a2244656c657465223b733a31383a224d656e75416374696f6e46756e6374696f6e223b733a363a2264656c657465223b733a31363a224d656e75416374696f6e5365676d656e223b733a31383a2273797374656d2f756e69742f64656c657465223b7d693a353b613a343a7b733a31303a224d656e754d6f64756c65223b733a31313a2273797374656d2f556e6974223b733a31343a224d656e75416374696f6e4e616d65223b733a343a2256696577223b733a31383a224d656e75416374696f6e46756e6374696f6e223b733a353a22696e646578223b733a31363a224d656e75416374696f6e5365676d656e223b733a31373a2273797374656d2f756e69742f696e646578223b7d693a363b613a343a7b733a31303a224d656e754d6f64756c65223b733a31313a2273797374656d2f556e6974223b733a31343a224d656e75416374696f6e4e616d65223b733a333a22416464223b733a31383a224d656e75416374696f6e46756e6374696f6e223b733a333a22616464223b733a31363a224d656e75416374696f6e5365676d656e223b733a31353a2273797374656d2f756e69742f616464223b7d693a373b613a343a7b733a31303a224d656e754d6f64756c65223b733a31323a2273797374656d2f47726f7570223b733a31343a224d656e75416374696f6e4e616d65223b733a333a22416464223b733a31383a224d656e75416374696f6e46756e6374696f6e223b733a333a22616464223b733a31363a224d656e75416374696f6e5365676d656e223b733a31363a2273797374656d2f67726f75702f616464223b7d693a383b613a343a7b733a31303a224d656e754d6f64756c65223b733a31323a2273797374656d2f47726f7570223b733a31343a224d656e75416374696f6e4e616d65223b733a363a22557064617465223b733a31383a224d656e75416374696f6e46756e6374696f6e223b733a363a22757064617465223b733a31363a224d656e75416374696f6e5365676d656e223b733a31393a2273797374656d2f67726f75702f757064617465223b7d693a393b613a343a7b733a31303a224d656e754d6f64756c65223b733a31323a2273797374656d2f47726f7570223b733a31343a224d656e75416374696f6e4e616d65223b733a363a2244656c657465223b733a31383a224d656e75416374696f6e46756e6374696f6e223b733a363a2264656c657465223b733a31363a224d656e75416374696f6e5365676d656e223b733a31393a2273797374656d2f67726f75702f64656c657465223b7d693a31303b613a343a7b733a31303a224d656e754d6f64756c65223b733a31323a2273797374656d2f47726f7570223b733a31343a224d656e75416374696f6e4e616d65223b733a343a22416a6178223b733a31383a224d656e75416374696f6e46756e6374696f6e223b733a343a22616a6178223b733a31363a224d656e75416374696f6e5365676d656e223b733a33343a2273797374656d2f67726f75702f646174617461626c65735f646174615f67726f7570223b7d693a31313b613a343a7b733a31303a224d656e754d6f64756c65223b733a31323a2273797374656d2f47726f7570223b733a31343a224d656e75416374696f6e4e616d65223b733a343a2256696577223b733a31383a224d656e75416374696f6e46756e6374696f6e223b733a353a22696e646578223b733a31363a224d656e75416374696f6e5365676d656e223b733a31383a2273797374656d2f67726f75702f696e646578223b7d693a31323b613a343a7b733a31303a224d656e754d6f64756c65223b733a31313a2273797374656d2f55736572223b733a31343a224d656e75416374696f6e4e616d65223b733a31353a22446174617461626c65732055736572223b733a31383a224d656e75416374696f6e46756e6374696f6e223b733a31353a22646174617461626c65735f75736572223b733a31363a224d656e75416374696f6e5365676d656e223b733a32373a2273797374656d2f757365722f646174617461626c65735f75736572223b7d693a31333b613a343a7b733a31303a224d656e754d6f64756c65223b733a31313a2273797374656d2f55736572223b733a31343a224d656e75416374696f6e4e616d65223b733a333a22416464223b733a31383a224d656e75416374696f6e46756e6374696f6e223b733a333a22616464223b733a31363a224d656e75416374696f6e5365676d656e223b733a31353a2273797374656d2f757365722f616464223b7d693a31343b613a343a7b733a31303a224d656e754d6f64756c65223b733a31313a2273797374656d2f55736572223b733a31343a224d656e75416374696f6e4e616d65223b733a363a22557064617465223b733a31383a224d656e75416374696f6e46756e6374696f6e223b733a363a22757064617465223b733a31363a224d656e75416374696f6e5365676d656e223b733a31383a2273797374656d2f757365722f757064617465223b7d693a31353b613a343a7b733a31303a224d656e754d6f64756c65223b733a31313a2273797374656d2f55736572223b733a31343a224d656e75416374696f6e4e616d65223b733a363a2244657461696c223b733a31383a224d656e75416374696f6e46756e6374696f6e223b733a363a2264657461696c223b733a31363a224d656e75416374696f6e5365676d656e223b733a31383a2273797374656d2f757365722f64657461696c223b7d693a31363b613a343a7b733a31303a224d656e754d6f64756c65223b733a31313a2273797374656d2f55736572223b733a31343a224d656e75416374696f6e4e616d65223b733a363a2244656c657465223b733a31383a224d656e75416374696f6e46756e6374696f6e223b733a363a2264656c657465223b733a31363a224d656e75416374696f6e5365676d656e223b733a31383a2273797374656d2f757365722f64656c657465223b7d693a31373b613a343a7b733a31303a224d656e754d6f64756c65223b733a31313a2273797374656d2f55736572223b733a31343a224d656e75416374696f6e4e616d65223b733a343a2256696577223b733a31383a224d656e75416374696f6e46756e6374696f6e223b733a353a22696e646578223b733a31363a224d656e75416374696f6e5365676d656e223b733a31373a2273797374656d2f757365722f696e646578223b7d693a31383b613a343a7b733a31303a224d656e754d6f64756c65223b733a31333a2273797374656d2f436f6e666967223b733a31343a224d656e75416374696f6e4e616d65223b733a343a2256696577223b733a31383a224d656e75416374696f6e46756e6374696f6e223b733a353a22696e646578223b733a31363a224d656e75416374696f6e5365676d656e223b733a31393a2273797374656d2f636f6e6669672f696e646578223b7d693a31393b613a343a7b733a31303a224d656e754d6f64756c65223b733a31333a2273797374656d2f436f6e666967223b733a31343a224d656e75416374696f6e4e616d65223b733a343a22416a6178223b733a31383a224d656e75416374696f6e46756e6374696f6e223b733a343a22616a6178223b733a31363a224d656e75416374696f6e5365676d656e223b733a31383a2273797374656d2f636f6e6669672f616a6178223b7d693a32303b613a343a7b733a31303a224d656e754d6f64756c65223b733a31333a2273797374656d2f436f6e666967223b733a31343a224d656e75416374696f6e4e616d65223b733a363a22557064617465223b733a31383a224d656e75416374696f6e46756e6374696f6e223b733a363a22757064617465223b733a31363a224d656e75416374696f6e5365676d656e223b733a32303a2273797374656d2f636f6e6669672f757064617465223b7d693a32313b613a343a7b733a31303a224d656e754d6f64756c65223b733a31333a2273797374656d2f4d6f64756c65223b733a31343a224d656e75416374696f6e4e616d65223b733a363a22557064617465223b733a31383a224d656e75416374696f6e46756e6374696f6e223b733a363a22757064617465223b733a31363a224d656e75416374696f6e5365676d656e223b733a303a22223b7d693a32323b613a343a7b733a31303a224d656e754d6f64756c65223b733a31333a2273797374656d2f4d6f64756c65223b733a31343a224d656e75416374696f6e4e616d65223b733a363a2244656c657465223b733a31383a224d656e75416374696f6e46756e6374696f6e223b733a363a2264656c657465223b733a31363a224d656e75416374696f6e5365676d656e223b733a303a22223b7d693a32333b613a343a7b733a31303a224d656e754d6f64756c65223b733a31333a2273797374656d2f4d6f64756c65223b733a31343a224d656e75416374696f6e4e616d65223b733a343a2256696577223b733a31383a224d656e75416374696f6e46756e6374696f6e223b733a353a22696e646578223b733a31363a224d656e75416374696f6e5365676d656e223b733a303a22223b7d693a32343b613a343a7b733a31303a224d656e754d6f64756c65223b733a31333a2273797374656d2f4d6f64756c65223b733a31343a224d656e75416374696f6e4e616d65223b733a333a22416464223b733a31383a224d656e75416374696f6e46756e6374696f6e223b733a333a22616464223b733a31363a224d656e75416374696f6e5365676d656e223b733a303a22223b7d693a32353b613a343a7b733a31303a224d656e754d6f64756c65223b733a31383a2272656672656e73692f5369676e6174757265223b733a31343a224d656e75416374696f6e4e616d65223b733a343a2256696577223b733a31383a224d656e75416374696f6e46756e6374696f6e223b733a353a22696e646578223b733a31363a224d656e75416374696f6e5365676d656e223b733a32343a2272656672656e73692f7369676e61747572652f696e646578223b7d693a32363b613a343a7b733a31303a224d656e754d6f64756c65223b733a31383a2272656672656e73692f5369676e6174757265223b733a31343a224d656e75416374696f6e4e616d65223b733a343a22416a6178223b733a31383a224d656e75416374696f6e46756e6374696f6e223b733a343a22616a6178223b733a31363a224d656e75416374696f6e5365676d656e223b733a32333a2272656672656e73692f7369676e61747572652f616a6178223b7d693a32373b613a343a7b733a31303a224d656e754d6f64756c65223b733a31383a2272656672656e73692f5369676e6174757265223b733a31343a224d656e75416374696f6e4e616d65223b733a333a22416464223b733a31383a224d656e75416374696f6e46756e6374696f6e223b733a333a22616464223b733a31363a224d656e75416374696f6e5365676d656e223b733a32323a2272656672656e73692f7369676e61747572652f616464223b7d693a32383b613a343a7b733a31303a224d656e754d6f64756c65223b733a31383a2272656672656e73692f5369676e6174757265223b733a31343a224d656e75416374696f6e4e616d65223b733a363a22557064617465223b733a31383a224d656e75416374696f6e46756e6374696f6e223b733a363a22757064617465223b733a31363a224d656e75416374696f6e5365676d656e223b733a32353a2272656672656e73692f7369676e61747572652f757064617465223b7d693a32393b613a343a7b733a31303a224d656e754d6f64756c65223b733a31383a2272656672656e73692f5369676e6174757265223b733a31343a224d656e75416374696f6e4e616d65223b733a363a2244656c657465223b733a31383a224d656e75416374696f6e46756e6374696f6e223b733a363a2264656c657465223b733a31363a224d656e75416374696f6e5365676d656e223b733a32353a2272656672656e73692f7369676e61747572652f64656c657465223b7d693a33303b613a343a7b733a31303a224d656e754d6f64756c65223b733a31343a226d61737465722f446f6b756d656e223b733a31343a224d656e75416374696f6e4e616d65223b733a333a22416464223b733a31383a224d656e75416374696f6e46756e6374696f6e223b733a333a22616464223b733a31363a224d656e75416374696f6e5365676d656e223b733a31383a226d61737465722f646f6b756d656e2f616464223b7d693a33313b613a343a7b733a31303a224d656e754d6f64756c65223b733a31343a226d61737465722f446f6b756d656e223b733a31343a224d656e75416374696f6e4e616d65223b733a363a2244657461696c223b733a31383a224d656e75416374696f6e46756e6374696f6e223b733a363a2264657461696c223b733a31363a224d656e75416374696f6e5365676d656e223b733a32313a226d61737465722f646f6b756d656e2f64657461696c223b7d693a33323b613a343a7b733a31303a224d656e754d6f64756c65223b733a31343a226d61737465722f446f6b756d656e223b733a31343a224d656e75416374696f6e4e616d65223b733a363a22557064617465223b733a31383a224d656e75416374696f6e46756e6374696f6e223b733a363a22757064617465223b733a31363a224d656e75416374696f6e5365676d656e223b733a32313a226d61737465722f646f6b756d656e2f757064617465223b7d693a33333b613a343a7b733a31303a224d656e754d6f64756c65223b733a31343a226d61737465722f446f6b756d656e223b733a31343a224d656e75416374696f6e4e616d65223b733a31373a22427561742054616e64612054616e67616e223b733a31383a224d656e75416374696f6e46756e6374696f6e223b733a383a22736176655f706466223b733a31363a224d656e75416374696f6e5365676d656e223b733a32333a226d61737465722f646f6b756d656e2f736176655f706466223b7d693a33343b613a343a7b733a31303a224d656e754d6f64756c65223b733a31343a226d61737465722f446f6b756d656e223b733a31343a224d656e75416374696f6e4e616d65223b733a363a2244656c657465223b733a31383a224d656e75416374696f6e46756e6374696f6e223b733a363a2264656c657465223b733a31363a224d656e75416374696f6e5365676d656e223b733a32313a226d61737465722f646f6b756d656e2f64656c657465223b7d693a33353b613a343a7b733a31303a224d656e754d6f64756c65223b733a31343a226d61737465722f446f6b756d656e223b733a31343a224d656e75416374696f6e4e616d65223b733a343a2256696577223b733a31383a224d656e75416374696f6e46756e6374696f6e223b733a353a22696e646578223b733a31363a224d656e75416374696f6e5365676d656e223b733a32303a226d61737465722f646f6b756d656e2f696e646578223b7d693a33363b613a343a7b733a31303a224d656e754d6f64756c65223b733a31343a226d61737465722f446f6b756d656e223b733a31343a224d656e75416374696f6e4e616d65223b733a343a22416a6178223b733a31383a224d656e75416374696f6e46756e6374696f6e223b733a343a22616a6178223b733a31363a224d656e75416374696f6e5365676d656e223b733a31393a226d61737465722f646f6b756d656e2f616a6178223b7d7d757365725f7265616c5f6e616d657c733a31333a2241646d696e6973747261746f72223b69735f6c6f676765645f696e7c623a313b757365725f726f6c655f69647c733a313a2230223b757365725f756e69745f6b6f64657c733a313a2252223b757365725f756e69745f69647c733a313a2232223b757365725f756e69745f6e616d657c733a383a2252656b746f726174223b);
INSERT INTO `sys_sessions` (`id`, `ip_address`, `timestamp`, `data`) VALUES
('1ocfl1kph8frbope4e7dkok7lddh3jmf', '::1', 1726800994, 0x5f5f63695f6c6173745f726567656e65726174657c693a313732363830303939323b757365725f69647c733a313a2231223b757365725f656d61696c7c733a303a22223b757365725f6e616d657c733a353a2261646d696e223b757365725f67726f75707c733a313a2230223b757365725f67726f75705f6e616d657c733a343a22526f6f74223b616e795f757365725f67726f75705f65786973747c4e3b6d656e755f70726976696c6567657c613a31303a7b693a34393b613a373a7b733a363a224d656e754964223b733a323a223439223b733a383a224d656e754e616d65223b733a373a22446f6b756d656e223b733a31323a224d656e75506172656e744964223b4e3b733a31303a224d656e754d6f64756c65223b4e3b733a31333a224d656e7549636f6e436c617373223b733a31303a2266612066612d626f6f6b223b733a393a224d656e754f72646572223b733a323a223130223b733a393a224d656e755374796c65223b4e3b7d693a31363b613a373a7b733a363a224d656e754964223b733a323a223136223b733a383a224d656e754e616d65223b733a31323a2254616e64612054616e67616e223b733a31323a224d656e75506172656e744964223b4e3b733a31303a224d656e754d6f64756c65223b4e3b733a31333a224d656e7549636f6e436c617373223b733a31343a2266612066612d6461746162617365223b733a393a224d656e754f72646572223b733a323a223230223b733a393a224d656e755374796c65223b4e3b7d693a313b613a373a7b733a363a224d656e754964223b733a313a2231223b733a383a224d656e754e616d65223b733a31373a2250656e6761747572616e2053697374656d223b733a31323a224d656e75506172656e744964223b4e3b733a31303a224d656e754d6f64756c65223b4e3b733a31333a224d656e7549636f6e436c617373223b733a31363a2266612d736f6c69642066612d67656172223b733a393a224d656e754f72646572223b733a323a223930223b733a393a224d656e755374796c65223b733a313a2231223b7d693a323b613a373a7b733a363a224d656e754964223b733a313a2232223b733a383a224d656e754e616d65223b733a343a22556e6974223b733a31323a224d656e75506172656e744964223b733a313a2231223b733a31303a224d656e754d6f64756c65223b733a31313a2273797374656d2f556e6974223b733a31333a224d656e7549636f6e436c617373223b733a303a22223b733a393a224d656e754f72646572223b733a323a223931223b733a393a224d656e755374796c65223b733a313a2231223b7d693a333b613a373a7b733a363a224d656e754964223b733a313a2233223b733a383a224d656e754e616d65223b733a353a2247726f7570223b733a31323a224d656e75506172656e744964223b733a313a2231223b733a31303a224d656e754d6f64756c65223b733a31323a2273797374656d2f47726f7570223b733a31333a224d656e7549636f6e436c617373223b733a303a22223b733a393a224d656e754f72646572223b733a323a223932223b733a393a224d656e755374796c65223b733a313a2231223b7d693a343b613a373a7b733a363a224d656e754964223b733a313a2234223b733a383a224d656e754e616d65223b733a343a2255736572223b733a31323a224d656e75506172656e744964223b733a313a2231223b733a31303a224d656e754d6f64756c65223b733a31313a2273797374656d2f55736572223b733a31333a224d656e7549636f6e436c617373223b733a303a22223b733a393a224d656e754f72646572223b733a323a223933223b733a393a224d656e755374796c65223b733a313a2231223b7d693a383b613a373a7b733a363a224d656e754964223b733a313a2238223b733a383a224d656e754e616d65223b733a363a22436f6e666967223b733a31323a224d656e75506172656e744964223b733a313a2231223b733a31303a224d656e754d6f64756c65223b733a31333a2273797374656d2f436f6e666967223b733a31333a224d656e7549636f6e436c617373223b733a303a22223b733a393a224d656e754f72646572223b733a323a223937223b733a393a224d656e755374796c65223b733a313a2231223b7d693a393b613a373a7b733a363a224d656e754964223b733a313a2239223b733a383a224d656e754e616d65223b733a31353a2247656e6572617465204d6f64756c65223b733a31323a224d656e75506172656e744964223b733a313a2231223b733a31303a224d656e754d6f64756c65223b733a31333a2273797374656d2f4d6f64756c65223b733a31333a224d656e7549636f6e436c617373223b733a303a22223b733a393a224d656e754f72646572223b733a323a223938223b733a393a224d656e755374796c65223b733a313a2230223b7d693a34373b613a373a7b733a363a224d656e754964223b733a323a223437223b733a383a224d656e754e616d65223b733a32303a2254616e64612054616e67616e204469676974616c223b733a31323a224d656e75506172656e744964223b733a323a223136223b733a31303a224d656e754d6f64756c65223b733a31383a2272656672656e73692f5369676e6174757265223b733a31333a224d656e7549636f6e436c617373223b733a303a22223b733a393a224d656e754f72646572223b733a323a223234223b733a393a224d656e755374796c65223b4e3b7d693a35303b613a373a7b733a363a224d656e754964223b733a323a223530223b733a383a224d656e754e616d65223b733a31343a22416a756b616e20446f6b756d656e223b733a31323a224d656e75506172656e744964223b733a323a223439223b733a31303a224d656e754d6f64756c65223b733a31343a226d61737465722f446f6b756d656e223b733a31333a224d656e7549636f6e436c617373223b733a303a22223b733a393a224d656e754f72646572223b733a323a223131223b733a393a224d656e755374796c65223b4e3b7d7d616374696f6e5f70726976696c6567657c613a33373a7b693a303b613a343a7b733a31303a224d656e754d6f64756c65223b4e3b733a31343a224d656e75416374696f6e4e616d65223b733a343a2256696577223b733a31383a224d656e75416374696f6e46756e6374696f6e223b4e3b733a31363a224d656e75416374696f6e5365676d656e223b733a303a22223b7d693a313b613a343a7b733a31303a224d656e754d6f64756c65223b4e3b733a31343a224d656e75416374696f6e4e616d65223b733a343a2256696577223b733a31383a224d656e75416374696f6e46756e6374696f6e223b4e3b733a31363a224d656e75416374696f6e5365676d656e223b733a303a22223b7d693a323b613a343a7b733a31303a224d656e754d6f64756c65223b4e3b733a31343a224d656e75416374696f6e4e616d65223b733a343a2256696577223b733a31383a224d656e75416374696f6e46756e6374696f6e223b733a353a22696e646578223b733a31363a224d656e75416374696f6e5365676d656e223b733a31373a2273797374656d2f686f6d652f696e646578223b7d693a333b613a343a7b733a31303a224d656e754d6f64756c65223b733a31313a2273797374656d2f556e6974223b733a31343a224d656e75416374696f6e4e616d65223b733a343a2256696577223b733a31383a224d656e75416374696f6e46756e6374696f6e223b733a353a22696e646578223b733a31363a224d656e75416374696f6e5365676d656e223b733a31373a2273797374656d2f756e69742f696e646578223b7d693a343b613a343a7b733a31303a224d656e754d6f64756c65223b733a31313a2273797374656d2f556e6974223b733a31343a224d656e75416374696f6e4e616d65223b733a333a22416464223b733a31383a224d656e75416374696f6e46756e6374696f6e223b733a333a22616464223b733a31363a224d656e75416374696f6e5365676d656e223b733a31353a2273797374656d2f756e69742f616464223b7d693a353b613a343a7b733a31303a224d656e754d6f64756c65223b733a31313a2273797374656d2f556e6974223b733a31343a224d656e75416374696f6e4e616d65223b733a363a22557064617465223b733a31383a224d656e75416374696f6e46756e6374696f6e223b733a363a22757064617465223b733a31363a224d656e75416374696f6e5365676d656e223b733a31383a2273797374656d2f756e69742f757064617465223b7d693a363b613a343a7b733a31303a224d656e754d6f64756c65223b733a31313a2273797374656d2f556e6974223b733a31343a224d656e75416374696f6e4e616d65223b733a363a2244656c657465223b733a31383a224d656e75416374696f6e46756e6374696f6e223b733a363a2264656c657465223b733a31363a224d656e75416374696f6e5365676d656e223b733a31383a2273797374656d2f756e69742f64656c657465223b7d693a373b613a343a7b733a31303a224d656e754d6f64756c65223b733a31323a2273797374656d2f47726f7570223b733a31343a224d656e75416374696f6e4e616d65223b733a363a2244656c657465223b733a31383a224d656e75416374696f6e46756e6374696f6e223b733a363a2264656c657465223b733a31363a224d656e75416374696f6e5365676d656e223b733a31393a2273797374656d2f67726f75702f64656c657465223b7d693a383b613a343a7b733a31303a224d656e754d6f64756c65223b733a31323a2273797374656d2f47726f7570223b733a31343a224d656e75416374696f6e4e616d65223b733a343a22416a6178223b733a31383a224d656e75416374696f6e46756e6374696f6e223b733a343a22616a6178223b733a31363a224d656e75416374696f6e5365676d656e223b733a33343a2273797374656d2f67726f75702f646174617461626c65735f646174615f67726f7570223b7d693a393b613a343a7b733a31303a224d656e754d6f64756c65223b733a31323a2273797374656d2f47726f7570223b733a31343a224d656e75416374696f6e4e616d65223b733a343a2256696577223b733a31383a224d656e75416374696f6e46756e6374696f6e223b733a353a22696e646578223b733a31363a224d656e75416374696f6e5365676d656e223b733a31383a2273797374656d2f67726f75702f696e646578223b7d693a31303b613a343a7b733a31303a224d656e754d6f64756c65223b733a31323a2273797374656d2f47726f7570223b733a31343a224d656e75416374696f6e4e616d65223b733a333a22416464223b733a31383a224d656e75416374696f6e46756e6374696f6e223b733a333a22616464223b733a31363a224d656e75416374696f6e5365676d656e223b733a31363a2273797374656d2f67726f75702f616464223b7d693a31313b613a343a7b733a31303a224d656e754d6f64756c65223b733a31323a2273797374656d2f47726f7570223b733a31343a224d656e75416374696f6e4e616d65223b733a363a22557064617465223b733a31383a224d656e75416374696f6e46756e6374696f6e223b733a363a22757064617465223b733a31363a224d656e75416374696f6e5365676d656e223b733a31393a2273797374656d2f67726f75702f757064617465223b7d693a31323b613a343a7b733a31303a224d656e754d6f64756c65223b733a31313a2273797374656d2f55736572223b733a31343a224d656e75416374696f6e4e616d65223b733a363a2244657461696c223b733a31383a224d656e75416374696f6e46756e6374696f6e223b733a363a2264657461696c223b733a31363a224d656e75416374696f6e5365676d656e223b733a31383a2273797374656d2f757365722f64657461696c223b7d693a31333b613a343a7b733a31303a224d656e754d6f64756c65223b733a31313a2273797374656d2f55736572223b733a31343a224d656e75416374696f6e4e616d65223b733a363a2244656c657465223b733a31383a224d656e75416374696f6e46756e6374696f6e223b733a363a2264656c657465223b733a31363a224d656e75416374696f6e5365676d656e223b733a31383a2273797374656d2f757365722f64656c657465223b7d693a31343b613a343a7b733a31303a224d656e754d6f64756c65223b733a31313a2273797374656d2f55736572223b733a31343a224d656e75416374696f6e4e616d65223b733a343a2256696577223b733a31383a224d656e75416374696f6e46756e6374696f6e223b733a353a22696e646578223b733a31363a224d656e75416374696f6e5365676d656e223b733a31373a2273797374656d2f757365722f696e646578223b7d693a31353b613a343a7b733a31303a224d656e754d6f64756c65223b733a31313a2273797374656d2f55736572223b733a31343a224d656e75416374696f6e4e616d65223b733a31353a22446174617461626c65732055736572223b733a31383a224d656e75416374696f6e46756e6374696f6e223b733a31353a22646174617461626c65735f75736572223b733a31363a224d656e75416374696f6e5365676d656e223b733a32373a2273797374656d2f757365722f646174617461626c65735f75736572223b7d693a31363b613a343a7b733a31303a224d656e754d6f64756c65223b733a31313a2273797374656d2f55736572223b733a31343a224d656e75416374696f6e4e616d65223b733a333a22416464223b733a31383a224d656e75416374696f6e46756e6374696f6e223b733a333a22616464223b733a31363a224d656e75416374696f6e5365676d656e223b733a31353a2273797374656d2f757365722f616464223b7d693a31373b613a343a7b733a31303a224d656e754d6f64756c65223b733a31313a2273797374656d2f55736572223b733a31343a224d656e75416374696f6e4e616d65223b733a363a22557064617465223b733a31383a224d656e75416374696f6e46756e6374696f6e223b733a363a22757064617465223b733a31363a224d656e75416374696f6e5365676d656e223b733a31383a2273797374656d2f757365722f757064617465223b7d693a31383b613a343a7b733a31303a224d656e754d6f64756c65223b733a31333a2273797374656d2f436f6e666967223b733a31343a224d656e75416374696f6e4e616d65223b733a343a2256696577223b733a31383a224d656e75416374696f6e46756e6374696f6e223b733a353a22696e646578223b733a31363a224d656e75416374696f6e5365676d656e223b733a31393a2273797374656d2f636f6e6669672f696e646578223b7d693a31393b613a343a7b733a31303a224d656e754d6f64756c65223b733a31333a2273797374656d2f436f6e666967223b733a31343a224d656e75416374696f6e4e616d65223b733a343a22416a6178223b733a31383a224d656e75416374696f6e46756e6374696f6e223b733a343a22616a6178223b733a31363a224d656e75416374696f6e5365676d656e223b733a31383a2273797374656d2f636f6e6669672f616a6178223b7d693a32303b613a343a7b733a31303a224d656e754d6f64756c65223b733a31333a2273797374656d2f436f6e666967223b733a31343a224d656e75416374696f6e4e616d65223b733a363a22557064617465223b733a31383a224d656e75416374696f6e46756e6374696f6e223b733a363a22757064617465223b733a31363a224d656e75416374696f6e5365676d656e223b733a32303a2273797374656d2f636f6e6669672f757064617465223b7d693a32313b613a343a7b733a31303a224d656e754d6f64756c65223b733a31333a2273797374656d2f4d6f64756c65223b733a31343a224d656e75416374696f6e4e616d65223b733a343a2256696577223b733a31383a224d656e75416374696f6e46756e6374696f6e223b733a353a22696e646578223b733a31363a224d656e75416374696f6e5365676d656e223b733a303a22223b7d693a32323b613a343a7b733a31303a224d656e754d6f64756c65223b733a31333a2273797374656d2f4d6f64756c65223b733a31343a224d656e75416374696f6e4e616d65223b733a333a22416464223b733a31383a224d656e75416374696f6e46756e6374696f6e223b733a333a22616464223b733a31363a224d656e75416374696f6e5365676d656e223b733a303a22223b7d693a32333b613a343a7b733a31303a224d656e754d6f64756c65223b733a31333a2273797374656d2f4d6f64756c65223b733a31343a224d656e75416374696f6e4e616d65223b733a363a22557064617465223b733a31383a224d656e75416374696f6e46756e6374696f6e223b733a363a22757064617465223b733a31363a224d656e75416374696f6e5365676d656e223b733a303a22223b7d693a32343b613a343a7b733a31303a224d656e754d6f64756c65223b733a31333a2273797374656d2f4d6f64756c65223b733a31343a224d656e75416374696f6e4e616d65223b733a363a2244656c657465223b733a31383a224d656e75416374696f6e46756e6374696f6e223b733a363a2264656c657465223b733a31363a224d656e75416374696f6e5365676d656e223b733a303a22223b7d693a32353b613a343a7b733a31303a224d656e754d6f64756c65223b733a31383a2272656672656e73692f5369676e6174757265223b733a31343a224d656e75416374696f6e4e616d65223b733a363a22557064617465223b733a31383a224d656e75416374696f6e46756e6374696f6e223b733a363a22757064617465223b733a31363a224d656e75416374696f6e5365676d656e223b733a32353a2272656672656e73692f7369676e61747572652f757064617465223b7d693a32363b613a343a7b733a31303a224d656e754d6f64756c65223b733a31383a2272656672656e73692f5369676e6174757265223b733a31343a224d656e75416374696f6e4e616d65223b733a363a2244656c657465223b733a31383a224d656e75416374696f6e46756e6374696f6e223b733a363a2264656c657465223b733a31363a224d656e75416374696f6e5365676d656e223b733a32353a2272656672656e73692f7369676e61747572652f64656c657465223b7d693a32373b613a343a7b733a31303a224d656e754d6f64756c65223b733a31383a2272656672656e73692f5369676e6174757265223b733a31343a224d656e75416374696f6e4e616d65223b733a343a2256696577223b733a31383a224d656e75416374696f6e46756e6374696f6e223b733a353a22696e646578223b733a31363a224d656e75416374696f6e5365676d656e223b733a32343a2272656672656e73692f7369676e61747572652f696e646578223b7d693a32383b613a343a7b733a31303a224d656e754d6f64756c65223b733a31383a2272656672656e73692f5369676e6174757265223b733a31343a224d656e75416374696f6e4e616d65223b733a343a22416a6178223b733a31383a224d656e75416374696f6e46756e6374696f6e223b733a343a22616a6178223b733a31363a224d656e75416374696f6e5365676d656e223b733a32333a2272656672656e73692f7369676e61747572652f616a6178223b7d693a32393b613a343a7b733a31303a224d656e754d6f64756c65223b733a31383a2272656672656e73692f5369676e6174757265223b733a31343a224d656e75416374696f6e4e616d65223b733a333a22416464223b733a31383a224d656e75416374696f6e46756e6374696f6e223b733a333a22616464223b733a31363a224d656e75416374696f6e5365676d656e223b733a32323a2272656672656e73692f7369676e61747572652f616464223b7d693a33303b613a343a7b733a31303a224d656e754d6f64756c65223b733a31343a226d61737465722f446f6b756d656e223b733a31343a224d656e75416374696f6e4e616d65223b733a363a2244656c657465223b733a31383a224d656e75416374696f6e46756e6374696f6e223b733a363a2264656c657465223b733a31363a224d656e75416374696f6e5365676d656e223b733a32313a226d61737465722f646f6b756d656e2f64656c657465223b7d693a33313b613a343a7b733a31303a224d656e754d6f64756c65223b733a31343a226d61737465722f446f6b756d656e223b733a31343a224d656e75416374696f6e4e616d65223b733a343a2256696577223b733a31383a224d656e75416374696f6e46756e6374696f6e223b733a353a22696e646578223b733a31363a224d656e75416374696f6e5365676d656e223b733a32303a226d61737465722f646f6b756d656e2f696e646578223b7d693a33323b613a343a7b733a31303a224d656e754d6f64756c65223b733a31343a226d61737465722f446f6b756d656e223b733a31343a224d656e75416374696f6e4e616d65223b733a343a22416a6178223b733a31383a224d656e75416374696f6e46756e6374696f6e223b733a343a22616a6178223b733a31363a224d656e75416374696f6e5365676d656e223b733a31393a226d61737465722f646f6b756d656e2f616a6178223b7d693a33333b613a343a7b733a31303a224d656e754d6f64756c65223b733a31343a226d61737465722f446f6b756d656e223b733a31343a224d656e75416374696f6e4e616d65223b733a333a22416464223b733a31383a224d656e75416374696f6e46756e6374696f6e223b733a333a22616464223b733a31363a224d656e75416374696f6e5365676d656e223b733a31383a226d61737465722f646f6b756d656e2f616464223b7d693a33343b613a343a7b733a31303a224d656e754d6f64756c65223b733a31343a226d61737465722f446f6b756d656e223b733a31343a224d656e75416374696f6e4e616d65223b733a363a2244657461696c223b733a31383a224d656e75416374696f6e46756e6374696f6e223b733a363a2264657461696c223b733a31363a224d656e75416374696f6e5365676d656e223b733a32313a226d61737465722f646f6b756d656e2f64657461696c223b7d693a33353b613a343a7b733a31303a224d656e754d6f64756c65223b733a31343a226d61737465722f446f6b756d656e223b733a31343a224d656e75416374696f6e4e616d65223b733a363a22557064617465223b733a31383a224d656e75416374696f6e46756e6374696f6e223b733a363a22757064617465223b733a31363a224d656e75416374696f6e5365676d656e223b733a32313a226d61737465722f646f6b756d656e2f757064617465223b7d693a33363b613a343a7b733a31303a224d656e754d6f64756c65223b733a31343a226d61737465722f446f6b756d656e223b733a31343a224d656e75416374696f6e4e616d65223b733a31373a22427561742054616e64612054616e67616e223b733a31383a224d656e75416374696f6e46756e6374696f6e223b733a383a22736176655f706466223b733a31363a224d656e75416374696f6e5365676d656e223b733a32333a226d61737465722f646f6b756d656e2f736176655f706466223b7d7d757365725f7265616c5f6e616d657c733a31333a2241646d696e6973747261746f72223b69735f6c6f676765645f696e7c623a313b757365725f726f6c655f69647c733a313a2230223b757365725f756e69745f6b6f64657c733a313a2252223b757365725f756e69745f69647c733a313a2232223b757365725f756e69745f6e616d657c733a383a2252656b746f726174223b),
('q9b9qe9lnfjivqllgca25s6c9fhb9qnm', '::1', 1725853888, 0x5f5f63695f6c6173745f726567656e65726174657c693a313732353835333838383b757365725f69647c733a313a2231223b757365725f656d61696c7c733a303a22223b757365725f6e616d657c733a353a2261646d696e223b757365725f67726f75707c733a313a2230223b757365725f67726f75705f6e616d657c733a343a22526f6f74223b616e795f757365725f67726f75705f65786973747c4e3b6d656e755f70726976696c6567657c613a31303a7b693a34393b613a373a7b733a363a224d656e754964223b733a323a223439223b733a383a224d656e754e616d65223b733a373a22446f6b756d656e223b733a31323a224d656e75506172656e744964223b4e3b733a31303a224d656e754d6f64756c65223b4e3b733a31333a224d656e7549636f6e436c617373223b733a31303a2266612066612d626f6f6b223b733a393a224d656e754f72646572223b733a323a223130223b733a393a224d656e755374796c65223b4e3b7d693a31363b613a373a7b733a363a224d656e754964223b733a323a223136223b733a383a224d656e754e616d65223b733a31323a2254616e64612054616e67616e223b733a31323a224d656e75506172656e744964223b4e3b733a31303a224d656e754d6f64756c65223b4e3b733a31333a224d656e7549636f6e436c617373223b733a31343a2266612066612d6461746162617365223b733a393a224d656e754f72646572223b733a323a223230223b733a393a224d656e755374796c65223b4e3b7d693a313b613a373a7b733a363a224d656e754964223b733a313a2231223b733a383a224d656e754e616d65223b733a31373a2250656e6761747572616e2053697374656d223b733a31323a224d656e75506172656e744964223b4e3b733a31303a224d656e754d6f64756c65223b4e3b733a31333a224d656e7549636f6e436c617373223b733a31363a2266612d736f6c69642066612d67656172223b733a393a224d656e754f72646572223b733a323a223930223b733a393a224d656e755374796c65223b733a313a2231223b7d693a323b613a373a7b733a363a224d656e754964223b733a313a2232223b733a383a224d656e754e616d65223b733a343a22556e6974223b733a31323a224d656e75506172656e744964223b733a313a2231223b733a31303a224d656e754d6f64756c65223b733a31313a2273797374656d2f556e6974223b733a31333a224d656e7549636f6e436c617373223b733a303a22223b733a393a224d656e754f72646572223b733a323a223931223b733a393a224d656e755374796c65223b733a313a2231223b7d693a333b613a373a7b733a363a224d656e754964223b733a313a2233223b733a383a224d656e754e616d65223b733a353a2247726f7570223b733a31323a224d656e75506172656e744964223b733a313a2231223b733a31303a224d656e754d6f64756c65223b733a31323a2273797374656d2f47726f7570223b733a31333a224d656e7549636f6e436c617373223b733a303a22223b733a393a224d656e754f72646572223b733a323a223932223b733a393a224d656e755374796c65223b733a313a2231223b7d693a343b613a373a7b733a363a224d656e754964223b733a313a2234223b733a383a224d656e754e616d65223b733a343a2255736572223b733a31323a224d656e75506172656e744964223b733a313a2231223b733a31303a224d656e754d6f64756c65223b733a31313a2273797374656d2f55736572223b733a31333a224d656e7549636f6e436c617373223b733a303a22223b733a393a224d656e754f72646572223b733a323a223933223b733a393a224d656e755374796c65223b733a313a2231223b7d693a383b613a373a7b733a363a224d656e754964223b733a313a2238223b733a383a224d656e754e616d65223b733a363a22436f6e666967223b733a31323a224d656e75506172656e744964223b733a313a2231223b733a31303a224d656e754d6f64756c65223b733a31333a2273797374656d2f436f6e666967223b733a31333a224d656e7549636f6e436c617373223b733a303a22223b733a393a224d656e754f72646572223b733a323a223937223b733a393a224d656e755374796c65223b733a313a2231223b7d693a393b613a373a7b733a363a224d656e754964223b733a313a2239223b733a383a224d656e754e616d65223b733a31353a2247656e6572617465204d6f64756c65223b733a31323a224d656e75506172656e744964223b733a313a2231223b733a31303a224d656e754d6f64756c65223b733a31333a2273797374656d2f4d6f64756c65223b733a31333a224d656e7549636f6e436c617373223b733a303a22223b733a393a224d656e754f72646572223b733a323a223938223b733a393a224d656e755374796c65223b733a313a2230223b7d693a34373b613a373a7b733a363a224d656e754964223b733a323a223437223b733a383a224d656e754e616d65223b733a32303a2254616e64612054616e67616e204469676974616c223b733a31323a224d656e75506172656e744964223b733a323a223136223b733a31303a224d656e754d6f64756c65223b733a31383a2272656672656e73692f5369676e6174757265223b733a31333a224d656e7549636f6e436c617373223b733a303a22223b733a393a224d656e754f72646572223b733a323a223234223b733a393a224d656e755374796c65223b4e3b7d693a35303b613a373a7b733a363a224d656e754964223b733a323a223530223b733a383a224d656e754e616d65223b733a31343a2255706c6f616420446f6b756d656e223b733a31323a224d656e75506172656e744964223b733a323a223439223b733a31303a224d656e754d6f64756c65223b733a31343a226d61737465722f446f6b756d656e223b733a31333a224d656e7549636f6e436c617373223b733a303a22223b733a393a224d656e754f72646572223b733a323a223131223b733a393a224d656e755374796c65223b4e3b7d7d616374696f6e5f70726976696c6567657c613a33373a7b693a303b613a343a7b733a31303a224d656e754d6f64756c65223b4e3b733a31343a224d656e75416374696f6e4e616d65223b733a343a2256696577223b733a31383a224d656e75416374696f6e46756e6374696f6e223b4e3b733a31363a224d656e75416374696f6e5365676d656e223b733a303a22223b7d693a313b613a343a7b733a31303a224d656e754d6f64756c65223b4e3b733a31343a224d656e75416374696f6e4e616d65223b733a343a2256696577223b733a31383a224d656e75416374696f6e46756e6374696f6e223b4e3b733a31363a224d656e75416374696f6e5365676d656e223b733a303a22223b7d693a323b613a343a7b733a31303a224d656e754d6f64756c65223b4e3b733a31343a224d656e75416374696f6e4e616d65223b733a343a2256696577223b733a31383a224d656e75416374696f6e46756e6374696f6e223b733a353a22696e646578223b733a31363a224d656e75416374696f6e5365676d656e223b733a31373a2273797374656d2f686f6d652f696e646578223b7d693a333b613a343a7b733a31303a224d656e754d6f64756c65223b733a31313a2273797374656d2f556e6974223b733a31343a224d656e75416374696f6e4e616d65223b733a363a22557064617465223b733a31383a224d656e75416374696f6e46756e6374696f6e223b733a363a22757064617465223b733a31363a224d656e75416374696f6e5365676d656e223b733a31383a2273797374656d2f756e69742f757064617465223b7d693a343b613a343a7b733a31303a224d656e754d6f64756c65223b733a31313a2273797374656d2f556e6974223b733a31343a224d656e75416374696f6e4e616d65223b733a363a2244656c657465223b733a31383a224d656e75416374696f6e46756e6374696f6e223b733a363a2264656c657465223b733a31363a224d656e75416374696f6e5365676d656e223b733a31383a2273797374656d2f756e69742f64656c657465223b7d693a353b613a343a7b733a31303a224d656e754d6f64756c65223b733a31313a2273797374656d2f556e6974223b733a31343a224d656e75416374696f6e4e616d65223b733a343a2256696577223b733a31383a224d656e75416374696f6e46756e6374696f6e223b733a353a22696e646578223b733a31363a224d656e75416374696f6e5365676d656e223b733a31373a2273797374656d2f756e69742f696e646578223b7d693a363b613a343a7b733a31303a224d656e754d6f64756c65223b733a31313a2273797374656d2f556e6974223b733a31343a224d656e75416374696f6e4e616d65223b733a333a22416464223b733a31383a224d656e75416374696f6e46756e6374696f6e223b733a333a22616464223b733a31363a224d656e75416374696f6e5365676d656e223b733a31353a2273797374656d2f756e69742f616464223b7d693a373b613a343a7b733a31303a224d656e754d6f64756c65223b733a31323a2273797374656d2f47726f7570223b733a31343a224d656e75416374696f6e4e616d65223b733a333a22416464223b733a31383a224d656e75416374696f6e46756e6374696f6e223b733a333a22616464223b733a31363a224d656e75416374696f6e5365676d656e223b733a31363a2273797374656d2f67726f75702f616464223b7d693a383b613a343a7b733a31303a224d656e754d6f64756c65223b733a31323a2273797374656d2f47726f7570223b733a31343a224d656e75416374696f6e4e616d65223b733a363a22557064617465223b733a31383a224d656e75416374696f6e46756e6374696f6e223b733a363a22757064617465223b733a31363a224d656e75416374696f6e5365676d656e223b733a31393a2273797374656d2f67726f75702f757064617465223b7d693a393b613a343a7b733a31303a224d656e754d6f64756c65223b733a31323a2273797374656d2f47726f7570223b733a31343a224d656e75416374696f6e4e616d65223b733a363a2244656c657465223b733a31383a224d656e75416374696f6e46756e6374696f6e223b733a363a2264656c657465223b733a31363a224d656e75416374696f6e5365676d656e223b733a31393a2273797374656d2f67726f75702f64656c657465223b7d693a31303b613a343a7b733a31303a224d656e754d6f64756c65223b733a31323a2273797374656d2f47726f7570223b733a31343a224d656e75416374696f6e4e616d65223b733a343a22416a6178223b733a31383a224d656e75416374696f6e46756e6374696f6e223b733a343a22616a6178223b733a31363a224d656e75416374696f6e5365676d656e223b733a33343a2273797374656d2f67726f75702f646174617461626c65735f646174615f67726f7570223b7d693a31313b613a343a7b733a31303a224d656e754d6f64756c65223b733a31323a2273797374656d2f47726f7570223b733a31343a224d656e75416374696f6e4e616d65223b733a343a2256696577223b733a31383a224d656e75416374696f6e46756e6374696f6e223b733a353a22696e646578223b733a31363a224d656e75416374696f6e5365676d656e223b733a31383a2273797374656d2f67726f75702f696e646578223b7d693a31323b613a343a7b733a31303a224d656e754d6f64756c65223b733a31313a2273797374656d2f55736572223b733a31343a224d656e75416374696f6e4e616d65223b733a31353a22446174617461626c65732055736572223b733a31383a224d656e75416374696f6e46756e6374696f6e223b733a31353a22646174617461626c65735f75736572223b733a31363a224d656e75416374696f6e5365676d656e223b733a32373a2273797374656d2f757365722f646174617461626c65735f75736572223b7d693a31333b613a343a7b733a31303a224d656e754d6f64756c65223b733a31313a2273797374656d2f55736572223b733a31343a224d656e75416374696f6e4e616d65223b733a333a22416464223b733a31383a224d656e75416374696f6e46756e6374696f6e223b733a333a22616464223b733a31363a224d656e75416374696f6e5365676d656e223b733a31353a2273797374656d2f757365722f616464223b7d693a31343b613a343a7b733a31303a224d656e754d6f64756c65223b733a31313a2273797374656d2f55736572223b733a31343a224d656e75416374696f6e4e616d65223b733a363a22557064617465223b733a31383a224d656e75416374696f6e46756e6374696f6e223b733a363a22757064617465223b733a31363a224d656e75416374696f6e5365676d656e223b733a31383a2273797374656d2f757365722f757064617465223b7d693a31353b613a343a7b733a31303a224d656e754d6f64756c65223b733a31313a2273797374656d2f55736572223b733a31343a224d656e75416374696f6e4e616d65223b733a363a2244657461696c223b733a31383a224d656e75416374696f6e46756e6374696f6e223b733a363a2264657461696c223b733a31363a224d656e75416374696f6e5365676d656e223b733a31383a2273797374656d2f757365722f64657461696c223b7d693a31363b613a343a7b733a31303a224d656e754d6f64756c65223b733a31313a2273797374656d2f55736572223b733a31343a224d656e75416374696f6e4e616d65223b733a363a2244656c657465223b733a31383a224d656e75416374696f6e46756e6374696f6e223b733a363a2264656c657465223b733a31363a224d656e75416374696f6e5365676d656e223b733a31383a2273797374656d2f757365722f64656c657465223b7d693a31373b613a343a7b733a31303a224d656e754d6f64756c65223b733a31313a2273797374656d2f55736572223b733a31343a224d656e75416374696f6e4e616d65223b733a343a2256696577223b733a31383a224d656e75416374696f6e46756e6374696f6e223b733a353a22696e646578223b733a31363a224d656e75416374696f6e5365676d656e223b733a31373a2273797374656d2f757365722f696e646578223b7d693a31383b613a343a7b733a31303a224d656e754d6f64756c65223b733a31333a2273797374656d2f436f6e666967223b733a31343a224d656e75416374696f6e4e616d65223b733a343a2256696577223b733a31383a224d656e75416374696f6e46756e6374696f6e223b733a353a22696e646578223b733a31363a224d656e75416374696f6e5365676d656e223b733a31393a2273797374656d2f636f6e6669672f696e646578223b7d693a31393b613a343a7b733a31303a224d656e754d6f64756c65223b733a31333a2273797374656d2f436f6e666967223b733a31343a224d656e75416374696f6e4e616d65223b733a343a22416a6178223b733a31383a224d656e75416374696f6e46756e6374696f6e223b733a343a22616a6178223b733a31363a224d656e75416374696f6e5365676d656e223b733a31383a2273797374656d2f636f6e6669672f616a6178223b7d693a32303b613a343a7b733a31303a224d656e754d6f64756c65223b733a31333a2273797374656d2f436f6e666967223b733a31343a224d656e75416374696f6e4e616d65223b733a363a22557064617465223b733a31383a224d656e75416374696f6e46756e6374696f6e223b733a363a22757064617465223b733a31363a224d656e75416374696f6e5365676d656e223b733a32303a2273797374656d2f636f6e6669672f757064617465223b7d693a32313b613a343a7b733a31303a224d656e754d6f64756c65223b733a31333a2273797374656d2f4d6f64756c65223b733a31343a224d656e75416374696f6e4e616d65223b733a363a22557064617465223b733a31383a224d656e75416374696f6e46756e6374696f6e223b733a363a22757064617465223b733a31363a224d656e75416374696f6e5365676d656e223b733a303a22223b7d693a32323b613a343a7b733a31303a224d656e754d6f64756c65223b733a31333a2273797374656d2f4d6f64756c65223b733a31343a224d656e75416374696f6e4e616d65223b733a363a2244656c657465223b733a31383a224d656e75416374696f6e46756e6374696f6e223b733a363a2264656c657465223b733a31363a224d656e75416374696f6e5365676d656e223b733a303a22223b7d693a32333b613a343a7b733a31303a224d656e754d6f64756c65223b733a31333a2273797374656d2f4d6f64756c65223b733a31343a224d656e75416374696f6e4e616d65223b733a343a2256696577223b733a31383a224d656e75416374696f6e46756e6374696f6e223b733a353a22696e646578223b733a31363a224d656e75416374696f6e5365676d656e223b733a303a22223b7d693a32343b613a343a7b733a31303a224d656e754d6f64756c65223b733a31333a2273797374656d2f4d6f64756c65223b733a31343a224d656e75416374696f6e4e616d65223b733a333a22416464223b733a31383a224d656e75416374696f6e46756e6374696f6e223b733a333a22616464223b733a31363a224d656e75416374696f6e5365676d656e223b733a303a22223b7d693a32353b613a343a7b733a31303a224d656e754d6f64756c65223b733a31383a2272656672656e73692f5369676e6174757265223b733a31343a224d656e75416374696f6e4e616d65223b733a343a2256696577223b733a31383a224d656e75416374696f6e46756e6374696f6e223b733a353a22696e646578223b733a31363a224d656e75416374696f6e5365676d656e223b733a32343a2272656672656e73692f7369676e61747572652f696e646578223b7d693a32363b613a343a7b733a31303a224d656e754d6f64756c65223b733a31383a2272656672656e73692f5369676e6174757265223b733a31343a224d656e75416374696f6e4e616d65223b733a343a22416a6178223b733a31383a224d656e75416374696f6e46756e6374696f6e223b733a343a22616a6178223b733a31363a224d656e75416374696f6e5365676d656e223b733a32333a2272656672656e73692f7369676e61747572652f616a6178223b7d693a32373b613a343a7b733a31303a224d656e754d6f64756c65223b733a31383a2272656672656e73692f5369676e6174757265223b733a31343a224d656e75416374696f6e4e616d65223b733a333a22416464223b733a31383a224d656e75416374696f6e46756e6374696f6e223b733a333a22616464223b733a31363a224d656e75416374696f6e5365676d656e223b733a32323a2272656672656e73692f7369676e61747572652f616464223b7d693a32383b613a343a7b733a31303a224d656e754d6f64756c65223b733a31383a2272656672656e73692f5369676e6174757265223b733a31343a224d656e75416374696f6e4e616d65223b733a363a22557064617465223b733a31383a224d656e75416374696f6e46756e6374696f6e223b733a363a22757064617465223b733a31363a224d656e75416374696f6e5365676d656e223b733a32353a2272656672656e73692f7369676e61747572652f757064617465223b7d693a32393b613a343a7b733a31303a224d656e754d6f64756c65223b733a31383a2272656672656e73692f5369676e6174757265223b733a31343a224d656e75416374696f6e4e616d65223b733a363a2244656c657465223b733a31383a224d656e75416374696f6e46756e6374696f6e223b733a363a2264656c657465223b733a31363a224d656e75416374696f6e5365676d656e223b733a32353a2272656672656e73692f7369676e61747572652f64656c657465223b7d693a33303b613a343a7b733a31303a224d656e754d6f64756c65223b733a31343a226d61737465722f446f6b756d656e223b733a31343a224d656e75416374696f6e4e616d65223b733a333a22416464223b733a31383a224d656e75416374696f6e46756e6374696f6e223b733a333a22616464223b733a31363a224d656e75416374696f6e5365676d656e223b733a31383a226d61737465722f646f6b756d656e2f616464223b7d693a33313b613a343a7b733a31303a224d656e754d6f64756c65223b733a31343a226d61737465722f446f6b756d656e223b733a31343a224d656e75416374696f6e4e616d65223b733a363a2244657461696c223b733a31383a224d656e75416374696f6e46756e6374696f6e223b733a363a2264657461696c223b733a31363a224d656e75416374696f6e5365676d656e223b733a32313a226d61737465722f646f6b756d656e2f64657461696c223b7d693a33323b613a343a7b733a31303a224d656e754d6f64756c65223b733a31343a226d61737465722f446f6b756d656e223b733a31343a224d656e75416374696f6e4e616d65223b733a363a22557064617465223b733a31383a224d656e75416374696f6e46756e6374696f6e223b733a363a22757064617465223b733a31363a224d656e75416374696f6e5365676d656e223b733a32313a226d61737465722f646f6b756d656e2f757064617465223b7d693a33333b613a343a7b733a31303a224d656e754d6f64756c65223b733a31343a226d61737465722f446f6b756d656e223b733a31343a224d656e75416374696f6e4e616d65223b733a31373a22427561742054616e64612054616e67616e223b733a31383a224d656e75416374696f6e46756e6374696f6e223b733a383a22736176655f706466223b733a31363a224d656e75416374696f6e5365676d656e223b733a32333a226d61737465722f646f6b756d656e2f736176655f706466223b7d693a33343b613a343a7b733a31303a224d656e754d6f64756c65223b733a31343a226d61737465722f446f6b756d656e223b733a31343a224d656e75416374696f6e4e616d65223b733a363a2244656c657465223b733a31383a224d656e75416374696f6e46756e6374696f6e223b733a363a2264656c657465223b733a31363a224d656e75416374696f6e5365676d656e223b733a32313a226d61737465722f646f6b756d656e2f64656c657465223b7d693a33353b613a343a7b733a31303a224d656e754d6f64756c65223b733a31343a226d61737465722f446f6b756d656e223b733a31343a224d656e75416374696f6e4e616d65223b733a343a2256696577223b733a31383a224d656e75416374696f6e46756e6374696f6e223b733a353a22696e646578223b733a31363a224d656e75416374696f6e5365676d656e223b733a32303a226d61737465722f646f6b756d656e2f696e646578223b7d693a33363b613a343a7b733a31303a224d656e754d6f64756c65223b733a31343a226d61737465722f446f6b756d656e223b733a31343a224d656e75416374696f6e4e616d65223b733a343a22416a6178223b733a31383a224d656e75416374696f6e46756e6374696f6e223b733a343a22616a6178223b733a31363a224d656e75416374696f6e5365676d656e223b733a31393a226d61737465722f646f6b756d656e2f616a6178223b7d7d757365725f7265616c5f6e616d657c733a31333a2241646d696e6973747261746f72223b69735f6c6f676765645f696e7c623a313b757365725f726f6c655f69647c733a313a2230223b757365725f756e69745f6b6f64657c733a313a2252223b757365725f756e69745f69647c733a313a2232223b757365725f756e69745f6e616d657c733a383a2252656b746f726174223b);
INSERT INTO `sys_sessions` (`id`, `ip_address`, `timestamp`, `data`) VALUES
('euitjkrf4g55ut03d4caodq2cmac8n82', '::1', 1725928523, 0x5f5f63695f6c6173745f726567656e65726174657c693a313732353932383437353b757365725f69647c733a313a2231223b757365725f656d61696c7c733a303a22223b757365725f6e616d657c733a353a2261646d696e223b757365725f67726f75707c733a313a2230223b757365725f67726f75705f6e616d657c733a343a22526f6f74223b616e795f757365725f67726f75705f65786973747c4e3b6d656e755f70726976696c6567657c613a31303a7b693a34393b613a373a7b733a363a224d656e754964223b733a323a223439223b733a383a224d656e754e616d65223b733a373a22446f6b756d656e223b733a31323a224d656e75506172656e744964223b4e3b733a31303a224d656e754d6f64756c65223b4e3b733a31333a224d656e7549636f6e436c617373223b733a31303a2266612066612d626f6f6b223b733a393a224d656e754f72646572223b733a323a223130223b733a393a224d656e755374796c65223b4e3b7d693a31363b613a373a7b733a363a224d656e754964223b733a323a223136223b733a383a224d656e754e616d65223b733a31323a2254616e64612054616e67616e223b733a31323a224d656e75506172656e744964223b4e3b733a31303a224d656e754d6f64756c65223b4e3b733a31333a224d656e7549636f6e436c617373223b733a31343a2266612066612d6461746162617365223b733a393a224d656e754f72646572223b733a323a223230223b733a393a224d656e755374796c65223b4e3b7d693a313b613a373a7b733a363a224d656e754964223b733a313a2231223b733a383a224d656e754e616d65223b733a31373a2250656e6761747572616e2053697374656d223b733a31323a224d656e75506172656e744964223b4e3b733a31303a224d656e754d6f64756c65223b4e3b733a31333a224d656e7549636f6e436c617373223b733a31363a2266612d736f6c69642066612d67656172223b733a393a224d656e754f72646572223b733a323a223930223b733a393a224d656e755374796c65223b733a313a2231223b7d693a323b613a373a7b733a363a224d656e754964223b733a313a2232223b733a383a224d656e754e616d65223b733a343a22556e6974223b733a31323a224d656e75506172656e744964223b733a313a2231223b733a31303a224d656e754d6f64756c65223b733a31313a2273797374656d2f556e6974223b733a31333a224d656e7549636f6e436c617373223b733a303a22223b733a393a224d656e754f72646572223b733a323a223931223b733a393a224d656e755374796c65223b733a313a2231223b7d693a333b613a373a7b733a363a224d656e754964223b733a313a2233223b733a383a224d656e754e616d65223b733a353a2247726f7570223b733a31323a224d656e75506172656e744964223b733a313a2231223b733a31303a224d656e754d6f64756c65223b733a31323a2273797374656d2f47726f7570223b733a31333a224d656e7549636f6e436c617373223b733a303a22223b733a393a224d656e754f72646572223b733a323a223932223b733a393a224d656e755374796c65223b733a313a2231223b7d693a343b613a373a7b733a363a224d656e754964223b733a313a2234223b733a383a224d656e754e616d65223b733a343a2255736572223b733a31323a224d656e75506172656e744964223b733a313a2231223b733a31303a224d656e754d6f64756c65223b733a31313a2273797374656d2f55736572223b733a31333a224d656e7549636f6e436c617373223b733a303a22223b733a393a224d656e754f72646572223b733a323a223933223b733a393a224d656e755374796c65223b733a313a2231223b7d693a383b613a373a7b733a363a224d656e754964223b733a313a2238223b733a383a224d656e754e616d65223b733a363a22436f6e666967223b733a31323a224d656e75506172656e744964223b733a313a2231223b733a31303a224d656e754d6f64756c65223b733a31333a2273797374656d2f436f6e666967223b733a31333a224d656e7549636f6e436c617373223b733a303a22223b733a393a224d656e754f72646572223b733a323a223937223b733a393a224d656e755374796c65223b733a313a2231223b7d693a393b613a373a7b733a363a224d656e754964223b733a313a2239223b733a383a224d656e754e616d65223b733a31353a2247656e6572617465204d6f64756c65223b733a31323a224d656e75506172656e744964223b733a313a2231223b733a31303a224d656e754d6f64756c65223b733a31333a2273797374656d2f4d6f64756c65223b733a31333a224d656e7549636f6e436c617373223b733a303a22223b733a393a224d656e754f72646572223b733a323a223938223b733a393a224d656e755374796c65223b733a313a2230223b7d693a34373b613a373a7b733a363a224d656e754964223b733a323a223437223b733a383a224d656e754e616d65223b733a32303a2254616e64612054616e67616e204469676974616c223b733a31323a224d656e75506172656e744964223b733a323a223136223b733a31303a224d656e754d6f64756c65223b733a31383a2272656672656e73692f5369676e6174757265223b733a31333a224d656e7549636f6e436c617373223b733a303a22223b733a393a224d656e754f72646572223b733a323a223234223b733a393a224d656e755374796c65223b4e3b7d693a35303b613a373a7b733a363a224d656e754964223b733a323a223530223b733a383a224d656e754e616d65223b733a31343a2255706c6f616420446f6b756d656e223b733a31323a224d656e75506172656e744964223b733a323a223439223b733a31303a224d656e754d6f64756c65223b733a31343a226d61737465722f446f6b756d656e223b733a31333a224d656e7549636f6e436c617373223b733a303a22223b733a393a224d656e754f72646572223b733a323a223131223b733a393a224d656e755374796c65223b4e3b7d7d616374696f6e5f70726976696c6567657c613a33373a7b693a303b613a343a7b733a31303a224d656e754d6f64756c65223b4e3b733a31343a224d656e75416374696f6e4e616d65223b733a343a2256696577223b733a31383a224d656e75416374696f6e46756e6374696f6e223b4e3b733a31363a224d656e75416374696f6e5365676d656e223b733a303a22223b7d693a313b613a343a7b733a31303a224d656e754d6f64756c65223b4e3b733a31343a224d656e75416374696f6e4e616d65223b733a343a2256696577223b733a31383a224d656e75416374696f6e46756e6374696f6e223b4e3b733a31363a224d656e75416374696f6e5365676d656e223b733a303a22223b7d693a323b613a343a7b733a31303a224d656e754d6f64756c65223b4e3b733a31343a224d656e75416374696f6e4e616d65223b733a343a2256696577223b733a31383a224d656e75416374696f6e46756e6374696f6e223b733a353a22696e646578223b733a31363a224d656e75416374696f6e5365676d656e223b733a31373a2273797374656d2f686f6d652f696e646578223b7d693a333b613a343a7b733a31303a224d656e754d6f64756c65223b733a31313a2273797374656d2f556e6974223b733a31343a224d656e75416374696f6e4e616d65223b733a363a22557064617465223b733a31383a224d656e75416374696f6e46756e6374696f6e223b733a363a22757064617465223b733a31363a224d656e75416374696f6e5365676d656e223b733a31383a2273797374656d2f756e69742f757064617465223b7d693a343b613a343a7b733a31303a224d656e754d6f64756c65223b733a31313a2273797374656d2f556e6974223b733a31343a224d656e75416374696f6e4e616d65223b733a363a2244656c657465223b733a31383a224d656e75416374696f6e46756e6374696f6e223b733a363a2264656c657465223b733a31363a224d656e75416374696f6e5365676d656e223b733a31383a2273797374656d2f756e69742f64656c657465223b7d693a353b613a343a7b733a31303a224d656e754d6f64756c65223b733a31313a2273797374656d2f556e6974223b733a31343a224d656e75416374696f6e4e616d65223b733a343a2256696577223b733a31383a224d656e75416374696f6e46756e6374696f6e223b733a353a22696e646578223b733a31363a224d656e75416374696f6e5365676d656e223b733a31373a2273797374656d2f756e69742f696e646578223b7d693a363b613a343a7b733a31303a224d656e754d6f64756c65223b733a31313a2273797374656d2f556e6974223b733a31343a224d656e75416374696f6e4e616d65223b733a333a22416464223b733a31383a224d656e75416374696f6e46756e6374696f6e223b733a333a22616464223b733a31363a224d656e75416374696f6e5365676d656e223b733a31353a2273797374656d2f756e69742f616464223b7d693a373b613a343a7b733a31303a224d656e754d6f64756c65223b733a31323a2273797374656d2f47726f7570223b733a31343a224d656e75416374696f6e4e616d65223b733a333a22416464223b733a31383a224d656e75416374696f6e46756e6374696f6e223b733a333a22616464223b733a31363a224d656e75416374696f6e5365676d656e223b733a31363a2273797374656d2f67726f75702f616464223b7d693a383b613a343a7b733a31303a224d656e754d6f64756c65223b733a31323a2273797374656d2f47726f7570223b733a31343a224d656e75416374696f6e4e616d65223b733a363a22557064617465223b733a31383a224d656e75416374696f6e46756e6374696f6e223b733a363a22757064617465223b733a31363a224d656e75416374696f6e5365676d656e223b733a31393a2273797374656d2f67726f75702f757064617465223b7d693a393b613a343a7b733a31303a224d656e754d6f64756c65223b733a31323a2273797374656d2f47726f7570223b733a31343a224d656e75416374696f6e4e616d65223b733a363a2244656c657465223b733a31383a224d656e75416374696f6e46756e6374696f6e223b733a363a2264656c657465223b733a31363a224d656e75416374696f6e5365676d656e223b733a31393a2273797374656d2f67726f75702f64656c657465223b7d693a31303b613a343a7b733a31303a224d656e754d6f64756c65223b733a31323a2273797374656d2f47726f7570223b733a31343a224d656e75416374696f6e4e616d65223b733a343a22416a6178223b733a31383a224d656e75416374696f6e46756e6374696f6e223b733a343a22616a6178223b733a31363a224d656e75416374696f6e5365676d656e223b733a33343a2273797374656d2f67726f75702f646174617461626c65735f646174615f67726f7570223b7d693a31313b613a343a7b733a31303a224d656e754d6f64756c65223b733a31323a2273797374656d2f47726f7570223b733a31343a224d656e75416374696f6e4e616d65223b733a343a2256696577223b733a31383a224d656e75416374696f6e46756e6374696f6e223b733a353a22696e646578223b733a31363a224d656e75416374696f6e5365676d656e223b733a31383a2273797374656d2f67726f75702f696e646578223b7d693a31323b613a343a7b733a31303a224d656e754d6f64756c65223b733a31313a2273797374656d2f55736572223b733a31343a224d656e75416374696f6e4e616d65223b733a31353a22446174617461626c65732055736572223b733a31383a224d656e75416374696f6e46756e6374696f6e223b733a31353a22646174617461626c65735f75736572223b733a31363a224d656e75416374696f6e5365676d656e223b733a32373a2273797374656d2f757365722f646174617461626c65735f75736572223b7d693a31333b613a343a7b733a31303a224d656e754d6f64756c65223b733a31313a2273797374656d2f55736572223b733a31343a224d656e75416374696f6e4e616d65223b733a333a22416464223b733a31383a224d656e75416374696f6e46756e6374696f6e223b733a333a22616464223b733a31363a224d656e75416374696f6e5365676d656e223b733a31353a2273797374656d2f757365722f616464223b7d693a31343b613a343a7b733a31303a224d656e754d6f64756c65223b733a31313a2273797374656d2f55736572223b733a31343a224d656e75416374696f6e4e616d65223b733a363a22557064617465223b733a31383a224d656e75416374696f6e46756e6374696f6e223b733a363a22757064617465223b733a31363a224d656e75416374696f6e5365676d656e223b733a31383a2273797374656d2f757365722f757064617465223b7d693a31353b613a343a7b733a31303a224d656e754d6f64756c65223b733a31313a2273797374656d2f55736572223b733a31343a224d656e75416374696f6e4e616d65223b733a363a2244657461696c223b733a31383a224d656e75416374696f6e46756e6374696f6e223b733a363a2264657461696c223b733a31363a224d656e75416374696f6e5365676d656e223b733a31383a2273797374656d2f757365722f64657461696c223b7d693a31363b613a343a7b733a31303a224d656e754d6f64756c65223b733a31313a2273797374656d2f55736572223b733a31343a224d656e75416374696f6e4e616d65223b733a363a2244656c657465223b733a31383a224d656e75416374696f6e46756e6374696f6e223b733a363a2264656c657465223b733a31363a224d656e75416374696f6e5365676d656e223b733a31383a2273797374656d2f757365722f64656c657465223b7d693a31373b613a343a7b733a31303a224d656e754d6f64756c65223b733a31313a2273797374656d2f55736572223b733a31343a224d656e75416374696f6e4e616d65223b733a343a2256696577223b733a31383a224d656e75416374696f6e46756e6374696f6e223b733a353a22696e646578223b733a31363a224d656e75416374696f6e5365676d656e223b733a31373a2273797374656d2f757365722f696e646578223b7d693a31383b613a343a7b733a31303a224d656e754d6f64756c65223b733a31333a2273797374656d2f436f6e666967223b733a31343a224d656e75416374696f6e4e616d65223b733a343a2256696577223b733a31383a224d656e75416374696f6e46756e6374696f6e223b733a353a22696e646578223b733a31363a224d656e75416374696f6e5365676d656e223b733a31393a2273797374656d2f636f6e6669672f696e646578223b7d693a31393b613a343a7b733a31303a224d656e754d6f64756c65223b733a31333a2273797374656d2f436f6e666967223b733a31343a224d656e75416374696f6e4e616d65223b733a343a22416a6178223b733a31383a224d656e75416374696f6e46756e6374696f6e223b733a343a22616a6178223b733a31363a224d656e75416374696f6e5365676d656e223b733a31383a2273797374656d2f636f6e6669672f616a6178223b7d693a32303b613a343a7b733a31303a224d656e754d6f64756c65223b733a31333a2273797374656d2f436f6e666967223b733a31343a224d656e75416374696f6e4e616d65223b733a363a22557064617465223b733a31383a224d656e75416374696f6e46756e6374696f6e223b733a363a22757064617465223b733a31363a224d656e75416374696f6e5365676d656e223b733a32303a2273797374656d2f636f6e6669672f757064617465223b7d693a32313b613a343a7b733a31303a224d656e754d6f64756c65223b733a31333a2273797374656d2f4d6f64756c65223b733a31343a224d656e75416374696f6e4e616d65223b733a363a22557064617465223b733a31383a224d656e75416374696f6e46756e6374696f6e223b733a363a22757064617465223b733a31363a224d656e75416374696f6e5365676d656e223b733a303a22223b7d693a32323b613a343a7b733a31303a224d656e754d6f64756c65223b733a31333a2273797374656d2f4d6f64756c65223b733a31343a224d656e75416374696f6e4e616d65223b733a363a2244656c657465223b733a31383a224d656e75416374696f6e46756e6374696f6e223b733a363a2264656c657465223b733a31363a224d656e75416374696f6e5365676d656e223b733a303a22223b7d693a32333b613a343a7b733a31303a224d656e754d6f64756c65223b733a31333a2273797374656d2f4d6f64756c65223b733a31343a224d656e75416374696f6e4e616d65223b733a343a2256696577223b733a31383a224d656e75416374696f6e46756e6374696f6e223b733a353a22696e646578223b733a31363a224d656e75416374696f6e5365676d656e223b733a303a22223b7d693a32343b613a343a7b733a31303a224d656e754d6f64756c65223b733a31333a2273797374656d2f4d6f64756c65223b733a31343a224d656e75416374696f6e4e616d65223b733a333a22416464223b733a31383a224d656e75416374696f6e46756e6374696f6e223b733a333a22616464223b733a31363a224d656e75416374696f6e5365676d656e223b733a303a22223b7d693a32353b613a343a7b733a31303a224d656e754d6f64756c65223b733a31383a2272656672656e73692f5369676e6174757265223b733a31343a224d656e75416374696f6e4e616d65223b733a343a2256696577223b733a31383a224d656e75416374696f6e46756e6374696f6e223b733a353a22696e646578223b733a31363a224d656e75416374696f6e5365676d656e223b733a32343a2272656672656e73692f7369676e61747572652f696e646578223b7d693a32363b613a343a7b733a31303a224d656e754d6f64756c65223b733a31383a2272656672656e73692f5369676e6174757265223b733a31343a224d656e75416374696f6e4e616d65223b733a343a22416a6178223b733a31383a224d656e75416374696f6e46756e6374696f6e223b733a343a22616a6178223b733a31363a224d656e75416374696f6e5365676d656e223b733a32333a2272656672656e73692f7369676e61747572652f616a6178223b7d693a32373b613a343a7b733a31303a224d656e754d6f64756c65223b733a31383a2272656672656e73692f5369676e6174757265223b733a31343a224d656e75416374696f6e4e616d65223b733a333a22416464223b733a31383a224d656e75416374696f6e46756e6374696f6e223b733a333a22616464223b733a31363a224d656e75416374696f6e5365676d656e223b733a32323a2272656672656e73692f7369676e61747572652f616464223b7d693a32383b613a343a7b733a31303a224d656e754d6f64756c65223b733a31383a2272656672656e73692f5369676e6174757265223b733a31343a224d656e75416374696f6e4e616d65223b733a363a22557064617465223b733a31383a224d656e75416374696f6e46756e6374696f6e223b733a363a22757064617465223b733a31363a224d656e75416374696f6e5365676d656e223b733a32353a2272656672656e73692f7369676e61747572652f757064617465223b7d693a32393b613a343a7b733a31303a224d656e754d6f64756c65223b733a31383a2272656672656e73692f5369676e6174757265223b733a31343a224d656e75416374696f6e4e616d65223b733a363a2244656c657465223b733a31383a224d656e75416374696f6e46756e6374696f6e223b733a363a2264656c657465223b733a31363a224d656e75416374696f6e5365676d656e223b733a32353a2272656672656e73692f7369676e61747572652f64656c657465223b7d693a33303b613a343a7b733a31303a224d656e754d6f64756c65223b733a31343a226d61737465722f446f6b756d656e223b733a31343a224d656e75416374696f6e4e616d65223b733a333a22416464223b733a31383a224d656e75416374696f6e46756e6374696f6e223b733a333a22616464223b733a31363a224d656e75416374696f6e5365676d656e223b733a31383a226d61737465722f646f6b756d656e2f616464223b7d693a33313b613a343a7b733a31303a224d656e754d6f64756c65223b733a31343a226d61737465722f446f6b756d656e223b733a31343a224d656e75416374696f6e4e616d65223b733a363a2244657461696c223b733a31383a224d656e75416374696f6e46756e6374696f6e223b733a363a2264657461696c223b733a31363a224d656e75416374696f6e5365676d656e223b733a32313a226d61737465722f646f6b756d656e2f64657461696c223b7d693a33323b613a343a7b733a31303a224d656e754d6f64756c65223b733a31343a226d61737465722f446f6b756d656e223b733a31343a224d656e75416374696f6e4e616d65223b733a363a22557064617465223b733a31383a224d656e75416374696f6e46756e6374696f6e223b733a363a22757064617465223b733a31363a224d656e75416374696f6e5365676d656e223b733a32313a226d61737465722f646f6b756d656e2f757064617465223b7d693a33333b613a343a7b733a31303a224d656e754d6f64756c65223b733a31343a226d61737465722f446f6b756d656e223b733a31343a224d656e75416374696f6e4e616d65223b733a31373a22427561742054616e64612054616e67616e223b733a31383a224d656e75416374696f6e46756e6374696f6e223b733a383a22736176655f706466223b733a31363a224d656e75416374696f6e5365676d656e223b733a32333a226d61737465722f646f6b756d656e2f736176655f706466223b7d693a33343b613a343a7b733a31303a224d656e754d6f64756c65223b733a31343a226d61737465722f446f6b756d656e223b733a31343a224d656e75416374696f6e4e616d65223b733a363a2244656c657465223b733a31383a224d656e75416374696f6e46756e6374696f6e223b733a363a2264656c657465223b733a31363a224d656e75416374696f6e5365676d656e223b733a32313a226d61737465722f646f6b756d656e2f64656c657465223b7d693a33353b613a343a7b733a31303a224d656e754d6f64756c65223b733a31343a226d61737465722f446f6b756d656e223b733a31343a224d656e75416374696f6e4e616d65223b733a343a2256696577223b733a31383a224d656e75416374696f6e46756e6374696f6e223b733a353a22696e646578223b733a31363a224d656e75416374696f6e5365676d656e223b733a32303a226d61737465722f646f6b756d656e2f696e646578223b7d693a33363b613a343a7b733a31303a224d656e754d6f64756c65223b733a31343a226d61737465722f446f6b756d656e223b733a31343a224d656e75416374696f6e4e616d65223b733a343a22416a6178223b733a31383a224d656e75416374696f6e46756e6374696f6e223b733a343a22616a6178223b733a31363a224d656e75416374696f6e5365676d656e223b733a31393a226d61737465722f646f6b756d656e2f616a6178223b7d7d757365725f7265616c5f6e616d657c733a31333a2241646d696e6973747261746f72223b69735f6c6f676765645f696e7c623a313b757365725f726f6c655f69647c733a313a2230223b757365725f756e69745f6b6f64657c733a313a2252223b757365725f756e69745f69647c733a313a2232223b757365725f756e69745f6e616d657c733a383a2252656b746f726174223b),
('msh4on0kj50kjbe93ul5b01nhf7frga7', '::1', 1725941529, 0x5f5f63695f6c6173745f726567656e65726174657c693a313732353934313338393b757365725f69647c733a313a2231223b757365725f656d61696c7c733a303a22223b757365725f6e616d657c733a353a2261646d696e223b757365725f67726f75707c733a313a2230223b757365725f67726f75705f6e616d657c733a343a22526f6f74223b616e795f757365725f67726f75705f65786973747c4e3b6d656e755f70726976696c6567657c613a31303a7b693a34393b613a373a7b733a363a224d656e754964223b733a323a223439223b733a383a224d656e754e616d65223b733a373a22446f6b756d656e223b733a31323a224d656e75506172656e744964223b4e3b733a31303a224d656e754d6f64756c65223b4e3b733a31333a224d656e7549636f6e436c617373223b733a31303a2266612066612d626f6f6b223b733a393a224d656e754f72646572223b733a323a223130223b733a393a224d656e755374796c65223b4e3b7d693a31363b613a373a7b733a363a224d656e754964223b733a323a223136223b733a383a224d656e754e616d65223b733a31323a2254616e64612054616e67616e223b733a31323a224d656e75506172656e744964223b4e3b733a31303a224d656e754d6f64756c65223b4e3b733a31333a224d656e7549636f6e436c617373223b733a31343a2266612066612d6461746162617365223b733a393a224d656e754f72646572223b733a323a223230223b733a393a224d656e755374796c65223b4e3b7d693a313b613a373a7b733a363a224d656e754964223b733a313a2231223b733a383a224d656e754e616d65223b733a31373a2250656e6761747572616e2053697374656d223b733a31323a224d656e75506172656e744964223b4e3b733a31303a224d656e754d6f64756c65223b4e3b733a31333a224d656e7549636f6e436c617373223b733a31363a2266612d736f6c69642066612d67656172223b733a393a224d656e754f72646572223b733a323a223930223b733a393a224d656e755374796c65223b733a313a2231223b7d693a323b613a373a7b733a363a224d656e754964223b733a313a2232223b733a383a224d656e754e616d65223b733a343a22556e6974223b733a31323a224d656e75506172656e744964223b733a313a2231223b733a31303a224d656e754d6f64756c65223b733a31313a2273797374656d2f556e6974223b733a31333a224d656e7549636f6e436c617373223b733a303a22223b733a393a224d656e754f72646572223b733a323a223931223b733a393a224d656e755374796c65223b733a313a2231223b7d693a333b613a373a7b733a363a224d656e754964223b733a313a2233223b733a383a224d656e754e616d65223b733a353a2247726f7570223b733a31323a224d656e75506172656e744964223b733a313a2231223b733a31303a224d656e754d6f64756c65223b733a31323a2273797374656d2f47726f7570223b733a31333a224d656e7549636f6e436c617373223b733a303a22223b733a393a224d656e754f72646572223b733a323a223932223b733a393a224d656e755374796c65223b733a313a2231223b7d693a343b613a373a7b733a363a224d656e754964223b733a313a2234223b733a383a224d656e754e616d65223b733a343a2255736572223b733a31323a224d656e75506172656e744964223b733a313a2231223b733a31303a224d656e754d6f64756c65223b733a31313a2273797374656d2f55736572223b733a31333a224d656e7549636f6e436c617373223b733a303a22223b733a393a224d656e754f72646572223b733a323a223933223b733a393a224d656e755374796c65223b733a313a2231223b7d693a383b613a373a7b733a363a224d656e754964223b733a313a2238223b733a383a224d656e754e616d65223b733a363a22436f6e666967223b733a31323a224d656e75506172656e744964223b733a313a2231223b733a31303a224d656e754d6f64756c65223b733a31333a2273797374656d2f436f6e666967223b733a31333a224d656e7549636f6e436c617373223b733a303a22223b733a393a224d656e754f72646572223b733a323a223937223b733a393a224d656e755374796c65223b733a313a2231223b7d693a393b613a373a7b733a363a224d656e754964223b733a313a2239223b733a383a224d656e754e616d65223b733a31353a2247656e6572617465204d6f64756c65223b733a31323a224d656e75506172656e744964223b733a313a2231223b733a31303a224d656e754d6f64756c65223b733a31333a2273797374656d2f4d6f64756c65223b733a31333a224d656e7549636f6e436c617373223b733a303a22223b733a393a224d656e754f72646572223b733a323a223938223b733a393a224d656e755374796c65223b733a313a2230223b7d693a34373b613a373a7b733a363a224d656e754964223b733a323a223437223b733a383a224d656e754e616d65223b733a32303a2254616e64612054616e67616e204469676974616c223b733a31323a224d656e75506172656e744964223b733a323a223136223b733a31303a224d656e754d6f64756c65223b733a31383a2272656672656e73692f5369676e6174757265223b733a31333a224d656e7549636f6e436c617373223b733a303a22223b733a393a224d656e754f72646572223b733a323a223234223b733a393a224d656e755374796c65223b4e3b7d693a35303b613a373a7b733a363a224d656e754964223b733a323a223530223b733a383a224d656e754e616d65223b733a31343a2255706c6f616420446f6b756d656e223b733a31323a224d656e75506172656e744964223b733a323a223439223b733a31303a224d656e754d6f64756c65223b733a31343a226d61737465722f446f6b756d656e223b733a31333a224d656e7549636f6e436c617373223b733a303a22223b733a393a224d656e754f72646572223b733a323a223131223b733a393a224d656e755374796c65223b4e3b7d7d616374696f6e5f70726976696c6567657c613a33373a7b693a303b613a343a7b733a31303a224d656e754d6f64756c65223b4e3b733a31343a224d656e75416374696f6e4e616d65223b733a343a2256696577223b733a31383a224d656e75416374696f6e46756e6374696f6e223b4e3b733a31363a224d656e75416374696f6e5365676d656e223b733a303a22223b7d693a313b613a343a7b733a31303a224d656e754d6f64756c65223b4e3b733a31343a224d656e75416374696f6e4e616d65223b733a343a2256696577223b733a31383a224d656e75416374696f6e46756e6374696f6e223b4e3b733a31363a224d656e75416374696f6e5365676d656e223b733a303a22223b7d693a323b613a343a7b733a31303a224d656e754d6f64756c65223b4e3b733a31343a224d656e75416374696f6e4e616d65223b733a343a2256696577223b733a31383a224d656e75416374696f6e46756e6374696f6e223b733a353a22696e646578223b733a31363a224d656e75416374696f6e5365676d656e223b733a31373a2273797374656d2f686f6d652f696e646578223b7d693a333b613a343a7b733a31303a224d656e754d6f64756c65223b733a31313a2273797374656d2f556e6974223b733a31343a224d656e75416374696f6e4e616d65223b733a363a22557064617465223b733a31383a224d656e75416374696f6e46756e6374696f6e223b733a363a22757064617465223b733a31363a224d656e75416374696f6e5365676d656e223b733a31383a2273797374656d2f756e69742f757064617465223b7d693a343b613a343a7b733a31303a224d656e754d6f64756c65223b733a31313a2273797374656d2f556e6974223b733a31343a224d656e75416374696f6e4e616d65223b733a363a2244656c657465223b733a31383a224d656e75416374696f6e46756e6374696f6e223b733a363a2264656c657465223b733a31363a224d656e75416374696f6e5365676d656e223b733a31383a2273797374656d2f756e69742f64656c657465223b7d693a353b613a343a7b733a31303a224d656e754d6f64756c65223b733a31313a2273797374656d2f556e6974223b733a31343a224d656e75416374696f6e4e616d65223b733a343a2256696577223b733a31383a224d656e75416374696f6e46756e6374696f6e223b733a353a22696e646578223b733a31363a224d656e75416374696f6e5365676d656e223b733a31373a2273797374656d2f756e69742f696e646578223b7d693a363b613a343a7b733a31303a224d656e754d6f64756c65223b733a31313a2273797374656d2f556e6974223b733a31343a224d656e75416374696f6e4e616d65223b733a333a22416464223b733a31383a224d656e75416374696f6e46756e6374696f6e223b733a333a22616464223b733a31363a224d656e75416374696f6e5365676d656e223b733a31353a2273797374656d2f756e69742f616464223b7d693a373b613a343a7b733a31303a224d656e754d6f64756c65223b733a31323a2273797374656d2f47726f7570223b733a31343a224d656e75416374696f6e4e616d65223b733a333a22416464223b733a31383a224d656e75416374696f6e46756e6374696f6e223b733a333a22616464223b733a31363a224d656e75416374696f6e5365676d656e223b733a31363a2273797374656d2f67726f75702f616464223b7d693a383b613a343a7b733a31303a224d656e754d6f64756c65223b733a31323a2273797374656d2f47726f7570223b733a31343a224d656e75416374696f6e4e616d65223b733a363a22557064617465223b733a31383a224d656e75416374696f6e46756e6374696f6e223b733a363a22757064617465223b733a31363a224d656e75416374696f6e5365676d656e223b733a31393a2273797374656d2f67726f75702f757064617465223b7d693a393b613a343a7b733a31303a224d656e754d6f64756c65223b733a31323a2273797374656d2f47726f7570223b733a31343a224d656e75416374696f6e4e616d65223b733a363a2244656c657465223b733a31383a224d656e75416374696f6e46756e6374696f6e223b733a363a2264656c657465223b733a31363a224d656e75416374696f6e5365676d656e223b733a31393a2273797374656d2f67726f75702f64656c657465223b7d693a31303b613a343a7b733a31303a224d656e754d6f64756c65223b733a31323a2273797374656d2f47726f7570223b733a31343a224d656e75416374696f6e4e616d65223b733a343a22416a6178223b733a31383a224d656e75416374696f6e46756e6374696f6e223b733a343a22616a6178223b733a31363a224d656e75416374696f6e5365676d656e223b733a33343a2273797374656d2f67726f75702f646174617461626c65735f646174615f67726f7570223b7d693a31313b613a343a7b733a31303a224d656e754d6f64756c65223b733a31323a2273797374656d2f47726f7570223b733a31343a224d656e75416374696f6e4e616d65223b733a343a2256696577223b733a31383a224d656e75416374696f6e46756e6374696f6e223b733a353a22696e646578223b733a31363a224d656e75416374696f6e5365676d656e223b733a31383a2273797374656d2f67726f75702f696e646578223b7d693a31323b613a343a7b733a31303a224d656e754d6f64756c65223b733a31313a2273797374656d2f55736572223b733a31343a224d656e75416374696f6e4e616d65223b733a31353a22446174617461626c65732055736572223b733a31383a224d656e75416374696f6e46756e6374696f6e223b733a31353a22646174617461626c65735f75736572223b733a31363a224d656e75416374696f6e5365676d656e223b733a32373a2273797374656d2f757365722f646174617461626c65735f75736572223b7d693a31333b613a343a7b733a31303a224d656e754d6f64756c65223b733a31313a2273797374656d2f55736572223b733a31343a224d656e75416374696f6e4e616d65223b733a333a22416464223b733a31383a224d656e75416374696f6e46756e6374696f6e223b733a333a22616464223b733a31363a224d656e75416374696f6e5365676d656e223b733a31353a2273797374656d2f757365722f616464223b7d693a31343b613a343a7b733a31303a224d656e754d6f64756c65223b733a31313a2273797374656d2f55736572223b733a31343a224d656e75416374696f6e4e616d65223b733a363a22557064617465223b733a31383a224d656e75416374696f6e46756e6374696f6e223b733a363a22757064617465223b733a31363a224d656e75416374696f6e5365676d656e223b733a31383a2273797374656d2f757365722f757064617465223b7d693a31353b613a343a7b733a31303a224d656e754d6f64756c65223b733a31313a2273797374656d2f55736572223b733a31343a224d656e75416374696f6e4e616d65223b733a363a2244657461696c223b733a31383a224d656e75416374696f6e46756e6374696f6e223b733a363a2264657461696c223b733a31363a224d656e75416374696f6e5365676d656e223b733a31383a2273797374656d2f757365722f64657461696c223b7d693a31363b613a343a7b733a31303a224d656e754d6f64756c65223b733a31313a2273797374656d2f55736572223b733a31343a224d656e75416374696f6e4e616d65223b733a363a2244656c657465223b733a31383a224d656e75416374696f6e46756e6374696f6e223b733a363a2264656c657465223b733a31363a224d656e75416374696f6e5365676d656e223b733a31383a2273797374656d2f757365722f64656c657465223b7d693a31373b613a343a7b733a31303a224d656e754d6f64756c65223b733a31313a2273797374656d2f55736572223b733a31343a224d656e75416374696f6e4e616d65223b733a343a2256696577223b733a31383a224d656e75416374696f6e46756e6374696f6e223b733a353a22696e646578223b733a31363a224d656e75416374696f6e5365676d656e223b733a31373a2273797374656d2f757365722f696e646578223b7d693a31383b613a343a7b733a31303a224d656e754d6f64756c65223b733a31333a2273797374656d2f436f6e666967223b733a31343a224d656e75416374696f6e4e616d65223b733a343a2256696577223b733a31383a224d656e75416374696f6e46756e6374696f6e223b733a353a22696e646578223b733a31363a224d656e75416374696f6e5365676d656e223b733a31393a2273797374656d2f636f6e6669672f696e646578223b7d693a31393b613a343a7b733a31303a224d656e754d6f64756c65223b733a31333a2273797374656d2f436f6e666967223b733a31343a224d656e75416374696f6e4e616d65223b733a343a22416a6178223b733a31383a224d656e75416374696f6e46756e6374696f6e223b733a343a22616a6178223b733a31363a224d656e75416374696f6e5365676d656e223b733a31383a2273797374656d2f636f6e6669672f616a6178223b7d693a32303b613a343a7b733a31303a224d656e754d6f64756c65223b733a31333a2273797374656d2f436f6e666967223b733a31343a224d656e75416374696f6e4e616d65223b733a363a22557064617465223b733a31383a224d656e75416374696f6e46756e6374696f6e223b733a363a22757064617465223b733a31363a224d656e75416374696f6e5365676d656e223b733a32303a2273797374656d2f636f6e6669672f757064617465223b7d693a32313b613a343a7b733a31303a224d656e754d6f64756c65223b733a31333a2273797374656d2f4d6f64756c65223b733a31343a224d656e75416374696f6e4e616d65223b733a363a22557064617465223b733a31383a224d656e75416374696f6e46756e6374696f6e223b733a363a22757064617465223b733a31363a224d656e75416374696f6e5365676d656e223b733a303a22223b7d693a32323b613a343a7b733a31303a224d656e754d6f64756c65223b733a31333a2273797374656d2f4d6f64756c65223b733a31343a224d656e75416374696f6e4e616d65223b733a363a2244656c657465223b733a31383a224d656e75416374696f6e46756e6374696f6e223b733a363a2264656c657465223b733a31363a224d656e75416374696f6e5365676d656e223b733a303a22223b7d693a32333b613a343a7b733a31303a224d656e754d6f64756c65223b733a31333a2273797374656d2f4d6f64756c65223b733a31343a224d656e75416374696f6e4e616d65223b733a343a2256696577223b733a31383a224d656e75416374696f6e46756e6374696f6e223b733a353a22696e646578223b733a31363a224d656e75416374696f6e5365676d656e223b733a303a22223b7d693a32343b613a343a7b733a31303a224d656e754d6f64756c65223b733a31333a2273797374656d2f4d6f64756c65223b733a31343a224d656e75416374696f6e4e616d65223b733a333a22416464223b733a31383a224d656e75416374696f6e46756e6374696f6e223b733a333a22616464223b733a31363a224d656e75416374696f6e5365676d656e223b733a303a22223b7d693a32353b613a343a7b733a31303a224d656e754d6f64756c65223b733a31383a2272656672656e73692f5369676e6174757265223b733a31343a224d656e75416374696f6e4e616d65223b733a343a2256696577223b733a31383a224d656e75416374696f6e46756e6374696f6e223b733a353a22696e646578223b733a31363a224d656e75416374696f6e5365676d656e223b733a32343a2272656672656e73692f7369676e61747572652f696e646578223b7d693a32363b613a343a7b733a31303a224d656e754d6f64756c65223b733a31383a2272656672656e73692f5369676e6174757265223b733a31343a224d656e75416374696f6e4e616d65223b733a343a22416a6178223b733a31383a224d656e75416374696f6e46756e6374696f6e223b733a343a22616a6178223b733a31363a224d656e75416374696f6e5365676d656e223b733a32333a2272656672656e73692f7369676e61747572652f616a6178223b7d693a32373b613a343a7b733a31303a224d656e754d6f64756c65223b733a31383a2272656672656e73692f5369676e6174757265223b733a31343a224d656e75416374696f6e4e616d65223b733a333a22416464223b733a31383a224d656e75416374696f6e46756e6374696f6e223b733a333a22616464223b733a31363a224d656e75416374696f6e5365676d656e223b733a32323a2272656672656e73692f7369676e61747572652f616464223b7d693a32383b613a343a7b733a31303a224d656e754d6f64756c65223b733a31383a2272656672656e73692f5369676e6174757265223b733a31343a224d656e75416374696f6e4e616d65223b733a363a22557064617465223b733a31383a224d656e75416374696f6e46756e6374696f6e223b733a363a22757064617465223b733a31363a224d656e75416374696f6e5365676d656e223b733a32353a2272656672656e73692f7369676e61747572652f757064617465223b7d693a32393b613a343a7b733a31303a224d656e754d6f64756c65223b733a31383a2272656672656e73692f5369676e6174757265223b733a31343a224d656e75416374696f6e4e616d65223b733a363a2244656c657465223b733a31383a224d656e75416374696f6e46756e6374696f6e223b733a363a2264656c657465223b733a31363a224d656e75416374696f6e5365676d656e223b733a32353a2272656672656e73692f7369676e61747572652f64656c657465223b7d693a33303b613a343a7b733a31303a224d656e754d6f64756c65223b733a31343a226d61737465722f446f6b756d656e223b733a31343a224d656e75416374696f6e4e616d65223b733a333a22416464223b733a31383a224d656e75416374696f6e46756e6374696f6e223b733a333a22616464223b733a31363a224d656e75416374696f6e5365676d656e223b733a31383a226d61737465722f646f6b756d656e2f616464223b7d693a33313b613a343a7b733a31303a224d656e754d6f64756c65223b733a31343a226d61737465722f446f6b756d656e223b733a31343a224d656e75416374696f6e4e616d65223b733a363a2244657461696c223b733a31383a224d656e75416374696f6e46756e6374696f6e223b733a363a2264657461696c223b733a31363a224d656e75416374696f6e5365676d656e223b733a32313a226d61737465722f646f6b756d656e2f64657461696c223b7d693a33323b613a343a7b733a31303a224d656e754d6f64756c65223b733a31343a226d61737465722f446f6b756d656e223b733a31343a224d656e75416374696f6e4e616d65223b733a363a22557064617465223b733a31383a224d656e75416374696f6e46756e6374696f6e223b733a363a22757064617465223b733a31363a224d656e75416374696f6e5365676d656e223b733a32313a226d61737465722f646f6b756d656e2f757064617465223b7d693a33333b613a343a7b733a31303a224d656e754d6f64756c65223b733a31343a226d61737465722f446f6b756d656e223b733a31343a224d656e75416374696f6e4e616d65223b733a31373a22427561742054616e64612054616e67616e223b733a31383a224d656e75416374696f6e46756e6374696f6e223b733a383a22736176655f706466223b733a31363a224d656e75416374696f6e5365676d656e223b733a32333a226d61737465722f646f6b756d656e2f736176655f706466223b7d693a33343b613a343a7b733a31303a224d656e754d6f64756c65223b733a31343a226d61737465722f446f6b756d656e223b733a31343a224d656e75416374696f6e4e616d65223b733a363a2244656c657465223b733a31383a224d656e75416374696f6e46756e6374696f6e223b733a363a2264656c657465223b733a31363a224d656e75416374696f6e5365676d656e223b733a32313a226d61737465722f646f6b756d656e2f64656c657465223b7d693a33353b613a343a7b733a31303a224d656e754d6f64756c65223b733a31343a226d61737465722f446f6b756d656e223b733a31343a224d656e75416374696f6e4e616d65223b733a343a2256696577223b733a31383a224d656e75416374696f6e46756e6374696f6e223b733a353a22696e646578223b733a31363a224d656e75416374696f6e5365676d656e223b733a32303a226d61737465722f646f6b756d656e2f696e646578223b7d693a33363b613a343a7b733a31303a224d656e754d6f64756c65223b733a31343a226d61737465722f446f6b756d656e223b733a31343a224d656e75416374696f6e4e616d65223b733a343a22416a6178223b733a31383a224d656e75416374696f6e46756e6374696f6e223b733a343a22616a6178223b733a31363a224d656e75416374696f6e5365676d656e223b733a31393a226d61737465722f646f6b756d656e2f616a6178223b7d7d757365725f7265616c5f6e616d657c733a31333a2241646d696e6973747261746f72223b69735f6c6f676765645f696e7c623a313b757365725f726f6c655f69647c733a313a2230223b757365725f756e69745f6b6f64657c733a313a2252223b757365725f756e69745f69647c733a313a2232223b757365725f756e69745f6e616d657c733a383a2252656b746f726174223b);
INSERT INTO `sys_sessions` (`id`, `ip_address`, `timestamp`, `data`) VALUES
('quh8lm3s8qg1rqfjcsfj5krhpjn58fkg', '::1', 1726114660, 0x5f5f63695f6c6173745f726567656e65726174657c693a313732363131343531343b757365725f69647c733a313a2231223b757365725f656d61696c7c733a303a22223b757365725f6e616d657c733a353a2261646d696e223b757365725f67726f75707c733a313a2230223b757365725f67726f75705f6e616d657c733a343a22526f6f74223b616e795f757365725f67726f75705f65786973747c4e3b6d656e755f70726976696c6567657c613a31303a7b693a34393b613a373a7b733a363a224d656e754964223b733a323a223439223b733a383a224d656e754e616d65223b733a373a22446f6b756d656e223b733a31323a224d656e75506172656e744964223b4e3b733a31303a224d656e754d6f64756c65223b4e3b733a31333a224d656e7549636f6e436c617373223b733a31303a2266612066612d626f6f6b223b733a393a224d656e754f72646572223b733a323a223130223b733a393a224d656e755374796c65223b4e3b7d693a31363b613a373a7b733a363a224d656e754964223b733a323a223136223b733a383a224d656e754e616d65223b733a31323a2254616e64612054616e67616e223b733a31323a224d656e75506172656e744964223b4e3b733a31303a224d656e754d6f64756c65223b4e3b733a31333a224d656e7549636f6e436c617373223b733a31343a2266612066612d6461746162617365223b733a393a224d656e754f72646572223b733a323a223230223b733a393a224d656e755374796c65223b4e3b7d693a313b613a373a7b733a363a224d656e754964223b733a313a2231223b733a383a224d656e754e616d65223b733a31373a2250656e6761747572616e2053697374656d223b733a31323a224d656e75506172656e744964223b4e3b733a31303a224d656e754d6f64756c65223b4e3b733a31333a224d656e7549636f6e436c617373223b733a31363a2266612d736f6c69642066612d67656172223b733a393a224d656e754f72646572223b733a323a223930223b733a393a224d656e755374796c65223b733a313a2231223b7d693a323b613a373a7b733a363a224d656e754964223b733a313a2232223b733a383a224d656e754e616d65223b733a343a22556e6974223b733a31323a224d656e75506172656e744964223b733a313a2231223b733a31303a224d656e754d6f64756c65223b733a31313a2273797374656d2f556e6974223b733a31333a224d656e7549636f6e436c617373223b733a303a22223b733a393a224d656e754f72646572223b733a323a223931223b733a393a224d656e755374796c65223b733a313a2231223b7d693a333b613a373a7b733a363a224d656e754964223b733a313a2233223b733a383a224d656e754e616d65223b733a353a2247726f7570223b733a31323a224d656e75506172656e744964223b733a313a2231223b733a31303a224d656e754d6f64756c65223b733a31323a2273797374656d2f47726f7570223b733a31333a224d656e7549636f6e436c617373223b733a303a22223b733a393a224d656e754f72646572223b733a323a223932223b733a393a224d656e755374796c65223b733a313a2231223b7d693a343b613a373a7b733a363a224d656e754964223b733a313a2234223b733a383a224d656e754e616d65223b733a343a2255736572223b733a31323a224d656e75506172656e744964223b733a313a2231223b733a31303a224d656e754d6f64756c65223b733a31313a2273797374656d2f55736572223b733a31333a224d656e7549636f6e436c617373223b733a303a22223b733a393a224d656e754f72646572223b733a323a223933223b733a393a224d656e755374796c65223b733a313a2231223b7d693a383b613a373a7b733a363a224d656e754964223b733a313a2238223b733a383a224d656e754e616d65223b733a363a22436f6e666967223b733a31323a224d656e75506172656e744964223b733a313a2231223b733a31303a224d656e754d6f64756c65223b733a31333a2273797374656d2f436f6e666967223b733a31333a224d656e7549636f6e436c617373223b733a303a22223b733a393a224d656e754f72646572223b733a323a223937223b733a393a224d656e755374796c65223b733a313a2231223b7d693a393b613a373a7b733a363a224d656e754964223b733a313a2239223b733a383a224d656e754e616d65223b733a31353a2247656e6572617465204d6f64756c65223b733a31323a224d656e75506172656e744964223b733a313a2231223b733a31303a224d656e754d6f64756c65223b733a31333a2273797374656d2f4d6f64756c65223b733a31333a224d656e7549636f6e436c617373223b733a303a22223b733a393a224d656e754f72646572223b733a323a223938223b733a393a224d656e755374796c65223b733a313a2230223b7d693a34373b613a373a7b733a363a224d656e754964223b733a323a223437223b733a383a224d656e754e616d65223b733a32303a2254616e64612054616e67616e204469676974616c223b733a31323a224d656e75506172656e744964223b733a323a223136223b733a31303a224d656e754d6f64756c65223b733a31383a2272656672656e73692f5369676e6174757265223b733a31333a224d656e7549636f6e436c617373223b733a303a22223b733a393a224d656e754f72646572223b733a323a223234223b733a393a224d656e755374796c65223b4e3b7d693a35303b613a373a7b733a363a224d656e754964223b733a323a223530223b733a383a224d656e754e616d65223b733a31343a2255706c6f616420446f6b756d656e223b733a31323a224d656e75506172656e744964223b733a323a223439223b733a31303a224d656e754d6f64756c65223b733a31343a226d61737465722f446f6b756d656e223b733a31333a224d656e7549636f6e436c617373223b733a303a22223b733a393a224d656e754f72646572223b733a323a223131223b733a393a224d656e755374796c65223b4e3b7d7d616374696f6e5f70726976696c6567657c613a33373a7b693a303b613a343a7b733a31303a224d656e754d6f64756c65223b4e3b733a31343a224d656e75416374696f6e4e616d65223b733a343a2256696577223b733a31383a224d656e75416374696f6e46756e6374696f6e223b4e3b733a31363a224d656e75416374696f6e5365676d656e223b733a303a22223b7d693a313b613a343a7b733a31303a224d656e754d6f64756c65223b4e3b733a31343a224d656e75416374696f6e4e616d65223b733a343a2256696577223b733a31383a224d656e75416374696f6e46756e6374696f6e223b4e3b733a31363a224d656e75416374696f6e5365676d656e223b733a303a22223b7d693a323b613a343a7b733a31303a224d656e754d6f64756c65223b4e3b733a31343a224d656e75416374696f6e4e616d65223b733a343a2256696577223b733a31383a224d656e75416374696f6e46756e6374696f6e223b733a353a22696e646578223b733a31363a224d656e75416374696f6e5365676d656e223b733a31373a2273797374656d2f686f6d652f696e646578223b7d693a333b613a343a7b733a31303a224d656e754d6f64756c65223b733a31313a2273797374656d2f556e6974223b733a31343a224d656e75416374696f6e4e616d65223b733a363a22557064617465223b733a31383a224d656e75416374696f6e46756e6374696f6e223b733a363a22757064617465223b733a31363a224d656e75416374696f6e5365676d656e223b733a31383a2273797374656d2f756e69742f757064617465223b7d693a343b613a343a7b733a31303a224d656e754d6f64756c65223b733a31313a2273797374656d2f556e6974223b733a31343a224d656e75416374696f6e4e616d65223b733a363a2244656c657465223b733a31383a224d656e75416374696f6e46756e6374696f6e223b733a363a2264656c657465223b733a31363a224d656e75416374696f6e5365676d656e223b733a31383a2273797374656d2f756e69742f64656c657465223b7d693a353b613a343a7b733a31303a224d656e754d6f64756c65223b733a31313a2273797374656d2f556e6974223b733a31343a224d656e75416374696f6e4e616d65223b733a343a2256696577223b733a31383a224d656e75416374696f6e46756e6374696f6e223b733a353a22696e646578223b733a31363a224d656e75416374696f6e5365676d656e223b733a31373a2273797374656d2f756e69742f696e646578223b7d693a363b613a343a7b733a31303a224d656e754d6f64756c65223b733a31313a2273797374656d2f556e6974223b733a31343a224d656e75416374696f6e4e616d65223b733a333a22416464223b733a31383a224d656e75416374696f6e46756e6374696f6e223b733a333a22616464223b733a31363a224d656e75416374696f6e5365676d656e223b733a31353a2273797374656d2f756e69742f616464223b7d693a373b613a343a7b733a31303a224d656e754d6f64756c65223b733a31323a2273797374656d2f47726f7570223b733a31343a224d656e75416374696f6e4e616d65223b733a333a22416464223b733a31383a224d656e75416374696f6e46756e6374696f6e223b733a333a22616464223b733a31363a224d656e75416374696f6e5365676d656e223b733a31363a2273797374656d2f67726f75702f616464223b7d693a383b613a343a7b733a31303a224d656e754d6f64756c65223b733a31323a2273797374656d2f47726f7570223b733a31343a224d656e75416374696f6e4e616d65223b733a363a22557064617465223b733a31383a224d656e75416374696f6e46756e6374696f6e223b733a363a22757064617465223b733a31363a224d656e75416374696f6e5365676d656e223b733a31393a2273797374656d2f67726f75702f757064617465223b7d693a393b613a343a7b733a31303a224d656e754d6f64756c65223b733a31323a2273797374656d2f47726f7570223b733a31343a224d656e75416374696f6e4e616d65223b733a363a2244656c657465223b733a31383a224d656e75416374696f6e46756e6374696f6e223b733a363a2264656c657465223b733a31363a224d656e75416374696f6e5365676d656e223b733a31393a2273797374656d2f67726f75702f64656c657465223b7d693a31303b613a343a7b733a31303a224d656e754d6f64756c65223b733a31323a2273797374656d2f47726f7570223b733a31343a224d656e75416374696f6e4e616d65223b733a343a22416a6178223b733a31383a224d656e75416374696f6e46756e6374696f6e223b733a343a22616a6178223b733a31363a224d656e75416374696f6e5365676d656e223b733a33343a2273797374656d2f67726f75702f646174617461626c65735f646174615f67726f7570223b7d693a31313b613a343a7b733a31303a224d656e754d6f64756c65223b733a31323a2273797374656d2f47726f7570223b733a31343a224d656e75416374696f6e4e616d65223b733a343a2256696577223b733a31383a224d656e75416374696f6e46756e6374696f6e223b733a353a22696e646578223b733a31363a224d656e75416374696f6e5365676d656e223b733a31383a2273797374656d2f67726f75702f696e646578223b7d693a31323b613a343a7b733a31303a224d656e754d6f64756c65223b733a31313a2273797374656d2f55736572223b733a31343a224d656e75416374696f6e4e616d65223b733a31353a22446174617461626c65732055736572223b733a31383a224d656e75416374696f6e46756e6374696f6e223b733a31353a22646174617461626c65735f75736572223b733a31363a224d656e75416374696f6e5365676d656e223b733a32373a2273797374656d2f757365722f646174617461626c65735f75736572223b7d693a31333b613a343a7b733a31303a224d656e754d6f64756c65223b733a31313a2273797374656d2f55736572223b733a31343a224d656e75416374696f6e4e616d65223b733a333a22416464223b733a31383a224d656e75416374696f6e46756e6374696f6e223b733a333a22616464223b733a31363a224d656e75416374696f6e5365676d656e223b733a31353a2273797374656d2f757365722f616464223b7d693a31343b613a343a7b733a31303a224d656e754d6f64756c65223b733a31313a2273797374656d2f55736572223b733a31343a224d656e75416374696f6e4e616d65223b733a363a22557064617465223b733a31383a224d656e75416374696f6e46756e6374696f6e223b733a363a22757064617465223b733a31363a224d656e75416374696f6e5365676d656e223b733a31383a2273797374656d2f757365722f757064617465223b7d693a31353b613a343a7b733a31303a224d656e754d6f64756c65223b733a31313a2273797374656d2f55736572223b733a31343a224d656e75416374696f6e4e616d65223b733a363a2244657461696c223b733a31383a224d656e75416374696f6e46756e6374696f6e223b733a363a2264657461696c223b733a31363a224d656e75416374696f6e5365676d656e223b733a31383a2273797374656d2f757365722f64657461696c223b7d693a31363b613a343a7b733a31303a224d656e754d6f64756c65223b733a31313a2273797374656d2f55736572223b733a31343a224d656e75416374696f6e4e616d65223b733a363a2244656c657465223b733a31383a224d656e75416374696f6e46756e6374696f6e223b733a363a2264656c657465223b733a31363a224d656e75416374696f6e5365676d656e223b733a31383a2273797374656d2f757365722f64656c657465223b7d693a31373b613a343a7b733a31303a224d656e754d6f64756c65223b733a31313a2273797374656d2f55736572223b733a31343a224d656e75416374696f6e4e616d65223b733a343a2256696577223b733a31383a224d656e75416374696f6e46756e6374696f6e223b733a353a22696e646578223b733a31363a224d656e75416374696f6e5365676d656e223b733a31373a2273797374656d2f757365722f696e646578223b7d693a31383b613a343a7b733a31303a224d656e754d6f64756c65223b733a31333a2273797374656d2f436f6e666967223b733a31343a224d656e75416374696f6e4e616d65223b733a343a2256696577223b733a31383a224d656e75416374696f6e46756e6374696f6e223b733a353a22696e646578223b733a31363a224d656e75416374696f6e5365676d656e223b733a31393a2273797374656d2f636f6e6669672f696e646578223b7d693a31393b613a343a7b733a31303a224d656e754d6f64756c65223b733a31333a2273797374656d2f436f6e666967223b733a31343a224d656e75416374696f6e4e616d65223b733a343a22416a6178223b733a31383a224d656e75416374696f6e46756e6374696f6e223b733a343a22616a6178223b733a31363a224d656e75416374696f6e5365676d656e223b733a31383a2273797374656d2f636f6e6669672f616a6178223b7d693a32303b613a343a7b733a31303a224d656e754d6f64756c65223b733a31333a2273797374656d2f436f6e666967223b733a31343a224d656e75416374696f6e4e616d65223b733a363a22557064617465223b733a31383a224d656e75416374696f6e46756e6374696f6e223b733a363a22757064617465223b733a31363a224d656e75416374696f6e5365676d656e223b733a32303a2273797374656d2f636f6e6669672f757064617465223b7d693a32313b613a343a7b733a31303a224d656e754d6f64756c65223b733a31333a2273797374656d2f4d6f64756c65223b733a31343a224d656e75416374696f6e4e616d65223b733a363a22557064617465223b733a31383a224d656e75416374696f6e46756e6374696f6e223b733a363a22757064617465223b733a31363a224d656e75416374696f6e5365676d656e223b733a303a22223b7d693a32323b613a343a7b733a31303a224d656e754d6f64756c65223b733a31333a2273797374656d2f4d6f64756c65223b733a31343a224d656e75416374696f6e4e616d65223b733a363a2244656c657465223b733a31383a224d656e75416374696f6e46756e6374696f6e223b733a363a2264656c657465223b733a31363a224d656e75416374696f6e5365676d656e223b733a303a22223b7d693a32333b613a343a7b733a31303a224d656e754d6f64756c65223b733a31333a2273797374656d2f4d6f64756c65223b733a31343a224d656e75416374696f6e4e616d65223b733a343a2256696577223b733a31383a224d656e75416374696f6e46756e6374696f6e223b733a353a22696e646578223b733a31363a224d656e75416374696f6e5365676d656e223b733a303a22223b7d693a32343b613a343a7b733a31303a224d656e754d6f64756c65223b733a31333a2273797374656d2f4d6f64756c65223b733a31343a224d656e75416374696f6e4e616d65223b733a333a22416464223b733a31383a224d656e75416374696f6e46756e6374696f6e223b733a333a22616464223b733a31363a224d656e75416374696f6e5365676d656e223b733a303a22223b7d693a32353b613a343a7b733a31303a224d656e754d6f64756c65223b733a31383a2272656672656e73692f5369676e6174757265223b733a31343a224d656e75416374696f6e4e616d65223b733a343a2256696577223b733a31383a224d656e75416374696f6e46756e6374696f6e223b733a353a22696e646578223b733a31363a224d656e75416374696f6e5365676d656e223b733a32343a2272656672656e73692f7369676e61747572652f696e646578223b7d693a32363b613a343a7b733a31303a224d656e754d6f64756c65223b733a31383a2272656672656e73692f5369676e6174757265223b733a31343a224d656e75416374696f6e4e616d65223b733a343a22416a6178223b733a31383a224d656e75416374696f6e46756e6374696f6e223b733a343a22616a6178223b733a31363a224d656e75416374696f6e5365676d656e223b733a32333a2272656672656e73692f7369676e61747572652f616a6178223b7d693a32373b613a343a7b733a31303a224d656e754d6f64756c65223b733a31383a2272656672656e73692f5369676e6174757265223b733a31343a224d656e75416374696f6e4e616d65223b733a333a22416464223b733a31383a224d656e75416374696f6e46756e6374696f6e223b733a333a22616464223b733a31363a224d656e75416374696f6e5365676d656e223b733a32323a2272656672656e73692f7369676e61747572652f616464223b7d693a32383b613a343a7b733a31303a224d656e754d6f64756c65223b733a31383a2272656672656e73692f5369676e6174757265223b733a31343a224d656e75416374696f6e4e616d65223b733a363a22557064617465223b733a31383a224d656e75416374696f6e46756e6374696f6e223b733a363a22757064617465223b733a31363a224d656e75416374696f6e5365676d656e223b733a32353a2272656672656e73692f7369676e61747572652f757064617465223b7d693a32393b613a343a7b733a31303a224d656e754d6f64756c65223b733a31383a2272656672656e73692f5369676e6174757265223b733a31343a224d656e75416374696f6e4e616d65223b733a363a2244656c657465223b733a31383a224d656e75416374696f6e46756e6374696f6e223b733a363a2264656c657465223b733a31363a224d656e75416374696f6e5365676d656e223b733a32353a2272656672656e73692f7369676e61747572652f64656c657465223b7d693a33303b613a343a7b733a31303a224d656e754d6f64756c65223b733a31343a226d61737465722f446f6b756d656e223b733a31343a224d656e75416374696f6e4e616d65223b733a333a22416464223b733a31383a224d656e75416374696f6e46756e6374696f6e223b733a333a22616464223b733a31363a224d656e75416374696f6e5365676d656e223b733a31383a226d61737465722f646f6b756d656e2f616464223b7d693a33313b613a343a7b733a31303a224d656e754d6f64756c65223b733a31343a226d61737465722f446f6b756d656e223b733a31343a224d656e75416374696f6e4e616d65223b733a363a2244657461696c223b733a31383a224d656e75416374696f6e46756e6374696f6e223b733a363a2264657461696c223b733a31363a224d656e75416374696f6e5365676d656e223b733a32313a226d61737465722f646f6b756d656e2f64657461696c223b7d693a33323b613a343a7b733a31303a224d656e754d6f64756c65223b733a31343a226d61737465722f446f6b756d656e223b733a31343a224d656e75416374696f6e4e616d65223b733a363a22557064617465223b733a31383a224d656e75416374696f6e46756e6374696f6e223b733a363a22757064617465223b733a31363a224d656e75416374696f6e5365676d656e223b733a32313a226d61737465722f646f6b756d656e2f757064617465223b7d693a33333b613a343a7b733a31303a224d656e754d6f64756c65223b733a31343a226d61737465722f446f6b756d656e223b733a31343a224d656e75416374696f6e4e616d65223b733a31373a22427561742054616e64612054616e67616e223b733a31383a224d656e75416374696f6e46756e6374696f6e223b733a383a22736176655f706466223b733a31363a224d656e75416374696f6e5365676d656e223b733a32333a226d61737465722f646f6b756d656e2f736176655f706466223b7d693a33343b613a343a7b733a31303a224d656e754d6f64756c65223b733a31343a226d61737465722f446f6b756d656e223b733a31343a224d656e75416374696f6e4e616d65223b733a363a2244656c657465223b733a31383a224d656e75416374696f6e46756e6374696f6e223b733a363a2264656c657465223b733a31363a224d656e75416374696f6e5365676d656e223b733a32313a226d61737465722f646f6b756d656e2f64656c657465223b7d693a33353b613a343a7b733a31303a224d656e754d6f64756c65223b733a31343a226d61737465722f446f6b756d656e223b733a31343a224d656e75416374696f6e4e616d65223b733a343a2256696577223b733a31383a224d656e75416374696f6e46756e6374696f6e223b733a353a22696e646578223b733a31363a224d656e75416374696f6e5365676d656e223b733a32303a226d61737465722f646f6b756d656e2f696e646578223b7d693a33363b613a343a7b733a31303a224d656e754d6f64756c65223b733a31343a226d61737465722f446f6b756d656e223b733a31343a224d656e75416374696f6e4e616d65223b733a343a22416a6178223b733a31383a224d656e75416374696f6e46756e6374696f6e223b733a343a22616a6178223b733a31363a224d656e75416374696f6e5365676d656e223b733a31393a226d61737465722f646f6b756d656e2f616a6178223b7d7d757365725f7265616c5f6e616d657c733a31333a2241646d696e6973747261746f72223b69735f6c6f676765645f696e7c623a313b757365725f726f6c655f69647c733a313a2230223b757365725f756e69745f6b6f64657c733a313a2252223b757365725f756e69745f69647c733a313a2232223b757365725f756e69745f6e616d657c733a383a2252656b746f726174223b),
('e3cfr4qq798q442bnpa7ai3u8qn5kh9l', '::1', 1727486399, 0x5f5f63695f6c6173745f726567656e65726174657c693a313732373438363339393b757365725f69647c733a313a2231223b757365725f656d61696c7c733a303a22223b757365725f6e616d657c733a353a2261646d696e223b757365725f67726f75707c733a313a2230223b757365725f67726f75705f6e616d657c733a343a22526f6f74223b616e795f757365725f67726f75705f65786973747c4e3b6d656e755f70726976696c6567657c613a31303a7b693a34393b613a373a7b733a363a224d656e754964223b733a323a223439223b733a383a224d656e754e616d65223b733a373a22446f6b756d656e223b733a31323a224d656e75506172656e744964223b4e3b733a31303a224d656e754d6f64756c65223b4e3b733a31333a224d656e7549636f6e436c617373223b733a31303a2266612066612d626f6f6b223b733a393a224d656e754f72646572223b733a323a223130223b733a393a224d656e755374796c65223b4e3b7d693a31363b613a373a7b733a363a224d656e754964223b733a323a223136223b733a383a224d656e754e616d65223b733a31323a2254616e64612054616e67616e223b733a31323a224d656e75506172656e744964223b4e3b733a31303a224d656e754d6f64756c65223b4e3b733a31333a224d656e7549636f6e436c617373223b733a31343a2266612066612d6461746162617365223b733a393a224d656e754f72646572223b733a323a223230223b733a393a224d656e755374796c65223b4e3b7d693a313b613a373a7b733a363a224d656e754964223b733a313a2231223b733a383a224d656e754e616d65223b733a31373a2250656e6761747572616e2053697374656d223b733a31323a224d656e75506172656e744964223b4e3b733a31303a224d656e754d6f64756c65223b4e3b733a31333a224d656e7549636f6e436c617373223b733a31363a2266612d736f6c69642066612d67656172223b733a393a224d656e754f72646572223b733a323a223930223b733a393a224d656e755374796c65223b733a313a2231223b7d693a323b613a373a7b733a363a224d656e754964223b733a313a2232223b733a383a224d656e754e616d65223b733a343a22556e6974223b733a31323a224d656e75506172656e744964223b733a313a2231223b733a31303a224d656e754d6f64756c65223b733a31313a2273797374656d2f556e6974223b733a31333a224d656e7549636f6e436c617373223b733a303a22223b733a393a224d656e754f72646572223b733a323a223931223b733a393a224d656e755374796c65223b733a313a2231223b7d693a333b613a373a7b733a363a224d656e754964223b733a313a2233223b733a383a224d656e754e616d65223b733a353a2247726f7570223b733a31323a224d656e75506172656e744964223b733a313a2231223b733a31303a224d656e754d6f64756c65223b733a31323a2273797374656d2f47726f7570223b733a31333a224d656e7549636f6e436c617373223b733a303a22223b733a393a224d656e754f72646572223b733a323a223932223b733a393a224d656e755374796c65223b733a313a2231223b7d693a343b613a373a7b733a363a224d656e754964223b733a313a2234223b733a383a224d656e754e616d65223b733a343a2255736572223b733a31323a224d656e75506172656e744964223b733a313a2231223b733a31303a224d656e754d6f64756c65223b733a31313a2273797374656d2f55736572223b733a31333a224d656e7549636f6e436c617373223b733a303a22223b733a393a224d656e754f72646572223b733a323a223933223b733a393a224d656e755374796c65223b733a313a2231223b7d693a383b613a373a7b733a363a224d656e754964223b733a313a2238223b733a383a224d656e754e616d65223b733a363a22436f6e666967223b733a31323a224d656e75506172656e744964223b733a313a2231223b733a31303a224d656e754d6f64756c65223b733a31333a2273797374656d2f436f6e666967223b733a31333a224d656e7549636f6e436c617373223b733a303a22223b733a393a224d656e754f72646572223b733a323a223937223b733a393a224d656e755374796c65223b733a313a2231223b7d693a393b613a373a7b733a363a224d656e754964223b733a313a2239223b733a383a224d656e754e616d65223b733a31353a2247656e6572617465204d6f64756c65223b733a31323a224d656e75506172656e744964223b733a313a2231223b733a31303a224d656e754d6f64756c65223b733a31333a2273797374656d2f4d6f64756c65223b733a31333a224d656e7549636f6e436c617373223b733a303a22223b733a393a224d656e754f72646572223b733a323a223938223b733a393a224d656e755374796c65223b733a313a2230223b7d693a34373b613a373a7b733a363a224d656e754964223b733a323a223437223b733a383a224d656e754e616d65223b733a32303a2254616e64612054616e67616e204469676974616c223b733a31323a224d656e75506172656e744964223b733a323a223136223b733a31303a224d656e754d6f64756c65223b733a31383a2272656672656e73692f5369676e6174757265223b733a31333a224d656e7549636f6e436c617373223b733a303a22223b733a393a224d656e754f72646572223b733a323a223234223b733a393a224d656e755374796c65223b4e3b7d693a35303b613a373a7b733a363a224d656e754964223b733a323a223530223b733a383a224d656e754e616d65223b733a31343a22416a756b616e20446f6b756d656e223b733a31323a224d656e75506172656e744964223b733a323a223439223b733a31303a224d656e754d6f64756c65223b733a31343a226d61737465722f446f6b756d656e223b733a31333a224d656e7549636f6e436c617373223b733a303a22223b733a393a224d656e754f72646572223b733a323a223131223b733a393a224d656e755374796c65223b4e3b7d7d616374696f6e5f70726976696c6567657c613a33373a7b693a303b613a343a7b733a31303a224d656e754d6f64756c65223b4e3b733a31343a224d656e75416374696f6e4e616d65223b733a343a2256696577223b733a31383a224d656e75416374696f6e46756e6374696f6e223b4e3b733a31363a224d656e75416374696f6e5365676d656e223b733a303a22223b7d693a313b613a343a7b733a31303a224d656e754d6f64756c65223b4e3b733a31343a224d656e75416374696f6e4e616d65223b733a343a2256696577223b733a31383a224d656e75416374696f6e46756e6374696f6e223b4e3b733a31363a224d656e75416374696f6e5365676d656e223b733a303a22223b7d693a323b613a343a7b733a31303a224d656e754d6f64756c65223b4e3b733a31343a224d656e75416374696f6e4e616d65223b733a343a2256696577223b733a31383a224d656e75416374696f6e46756e6374696f6e223b733a353a22696e646578223b733a31363a224d656e75416374696f6e5365676d656e223b733a31373a2273797374656d2f686f6d652f696e646578223b7d693a333b613a343a7b733a31303a224d656e754d6f64756c65223b733a31313a2273797374656d2f556e6974223b733a31343a224d656e75416374696f6e4e616d65223b733a363a22557064617465223b733a31383a224d656e75416374696f6e46756e6374696f6e223b733a363a22757064617465223b733a31363a224d656e75416374696f6e5365676d656e223b733a31383a2273797374656d2f756e69742f757064617465223b7d693a343b613a343a7b733a31303a224d656e754d6f64756c65223b733a31313a2273797374656d2f556e6974223b733a31343a224d656e75416374696f6e4e616d65223b733a363a2244656c657465223b733a31383a224d656e75416374696f6e46756e6374696f6e223b733a363a2264656c657465223b733a31363a224d656e75416374696f6e5365676d656e223b733a31383a2273797374656d2f756e69742f64656c657465223b7d693a353b613a343a7b733a31303a224d656e754d6f64756c65223b733a31313a2273797374656d2f556e6974223b733a31343a224d656e75416374696f6e4e616d65223b733a343a2256696577223b733a31383a224d656e75416374696f6e46756e6374696f6e223b733a353a22696e646578223b733a31363a224d656e75416374696f6e5365676d656e223b733a31373a2273797374656d2f756e69742f696e646578223b7d693a363b613a343a7b733a31303a224d656e754d6f64756c65223b733a31313a2273797374656d2f556e6974223b733a31343a224d656e75416374696f6e4e616d65223b733a333a22416464223b733a31383a224d656e75416374696f6e46756e6374696f6e223b733a333a22616464223b733a31363a224d656e75416374696f6e5365676d656e223b733a31353a2273797374656d2f756e69742f616464223b7d693a373b613a343a7b733a31303a224d656e754d6f64756c65223b733a31323a2273797374656d2f47726f7570223b733a31343a224d656e75416374696f6e4e616d65223b733a333a22416464223b733a31383a224d656e75416374696f6e46756e6374696f6e223b733a333a22616464223b733a31363a224d656e75416374696f6e5365676d656e223b733a31363a2273797374656d2f67726f75702f616464223b7d693a383b613a343a7b733a31303a224d656e754d6f64756c65223b733a31323a2273797374656d2f47726f7570223b733a31343a224d656e75416374696f6e4e616d65223b733a363a22557064617465223b733a31383a224d656e75416374696f6e46756e6374696f6e223b733a363a22757064617465223b733a31363a224d656e75416374696f6e5365676d656e223b733a31393a2273797374656d2f67726f75702f757064617465223b7d693a393b613a343a7b733a31303a224d656e754d6f64756c65223b733a31323a2273797374656d2f47726f7570223b733a31343a224d656e75416374696f6e4e616d65223b733a363a2244656c657465223b733a31383a224d656e75416374696f6e46756e6374696f6e223b733a363a2264656c657465223b733a31363a224d656e75416374696f6e5365676d656e223b733a31393a2273797374656d2f67726f75702f64656c657465223b7d693a31303b613a343a7b733a31303a224d656e754d6f64756c65223b733a31323a2273797374656d2f47726f7570223b733a31343a224d656e75416374696f6e4e616d65223b733a343a22416a6178223b733a31383a224d656e75416374696f6e46756e6374696f6e223b733a343a22616a6178223b733a31363a224d656e75416374696f6e5365676d656e223b733a33343a2273797374656d2f67726f75702f646174617461626c65735f646174615f67726f7570223b7d693a31313b613a343a7b733a31303a224d656e754d6f64756c65223b733a31323a2273797374656d2f47726f7570223b733a31343a224d656e75416374696f6e4e616d65223b733a343a2256696577223b733a31383a224d656e75416374696f6e46756e6374696f6e223b733a353a22696e646578223b733a31363a224d656e75416374696f6e5365676d656e223b733a31383a2273797374656d2f67726f75702f696e646578223b7d693a31323b613a343a7b733a31303a224d656e754d6f64756c65223b733a31313a2273797374656d2f55736572223b733a31343a224d656e75416374696f6e4e616d65223b733a31353a22446174617461626c65732055736572223b733a31383a224d656e75416374696f6e46756e6374696f6e223b733a31353a22646174617461626c65735f75736572223b733a31363a224d656e75416374696f6e5365676d656e223b733a32373a2273797374656d2f757365722f646174617461626c65735f75736572223b7d693a31333b613a343a7b733a31303a224d656e754d6f64756c65223b733a31313a2273797374656d2f55736572223b733a31343a224d656e75416374696f6e4e616d65223b733a333a22416464223b733a31383a224d656e75416374696f6e46756e6374696f6e223b733a333a22616464223b733a31363a224d656e75416374696f6e5365676d656e223b733a31353a2273797374656d2f757365722f616464223b7d693a31343b613a343a7b733a31303a224d656e754d6f64756c65223b733a31313a2273797374656d2f55736572223b733a31343a224d656e75416374696f6e4e616d65223b733a363a22557064617465223b733a31383a224d656e75416374696f6e46756e6374696f6e223b733a363a22757064617465223b733a31363a224d656e75416374696f6e5365676d656e223b733a31383a2273797374656d2f757365722f757064617465223b7d693a31353b613a343a7b733a31303a224d656e754d6f64756c65223b733a31313a2273797374656d2f55736572223b733a31343a224d656e75416374696f6e4e616d65223b733a363a2244657461696c223b733a31383a224d656e75416374696f6e46756e6374696f6e223b733a363a2264657461696c223b733a31363a224d656e75416374696f6e5365676d656e223b733a31383a2273797374656d2f757365722f64657461696c223b7d693a31363b613a343a7b733a31303a224d656e754d6f64756c65223b733a31313a2273797374656d2f55736572223b733a31343a224d656e75416374696f6e4e616d65223b733a363a2244656c657465223b733a31383a224d656e75416374696f6e46756e6374696f6e223b733a363a2264656c657465223b733a31363a224d656e75416374696f6e5365676d656e223b733a31383a2273797374656d2f757365722f64656c657465223b7d693a31373b613a343a7b733a31303a224d656e754d6f64756c65223b733a31313a2273797374656d2f55736572223b733a31343a224d656e75416374696f6e4e616d65223b733a343a2256696577223b733a31383a224d656e75416374696f6e46756e6374696f6e223b733a353a22696e646578223b733a31363a224d656e75416374696f6e5365676d656e223b733a31373a2273797374656d2f757365722f696e646578223b7d693a31383b613a343a7b733a31303a224d656e754d6f64756c65223b733a31333a2273797374656d2f436f6e666967223b733a31343a224d656e75416374696f6e4e616d65223b733a343a2256696577223b733a31383a224d656e75416374696f6e46756e6374696f6e223b733a353a22696e646578223b733a31363a224d656e75416374696f6e5365676d656e223b733a31393a2273797374656d2f636f6e6669672f696e646578223b7d693a31393b613a343a7b733a31303a224d656e754d6f64756c65223b733a31333a2273797374656d2f436f6e666967223b733a31343a224d656e75416374696f6e4e616d65223b733a343a22416a6178223b733a31383a224d656e75416374696f6e46756e6374696f6e223b733a343a22616a6178223b733a31363a224d656e75416374696f6e5365676d656e223b733a31383a2273797374656d2f636f6e6669672f616a6178223b7d693a32303b613a343a7b733a31303a224d656e754d6f64756c65223b733a31333a2273797374656d2f436f6e666967223b733a31343a224d656e75416374696f6e4e616d65223b733a363a22557064617465223b733a31383a224d656e75416374696f6e46756e6374696f6e223b733a363a22757064617465223b733a31363a224d656e75416374696f6e5365676d656e223b733a32303a2273797374656d2f636f6e6669672f757064617465223b7d693a32313b613a343a7b733a31303a224d656e754d6f64756c65223b733a31333a2273797374656d2f4d6f64756c65223b733a31343a224d656e75416374696f6e4e616d65223b733a363a22557064617465223b733a31383a224d656e75416374696f6e46756e6374696f6e223b733a363a22757064617465223b733a31363a224d656e75416374696f6e5365676d656e223b733a303a22223b7d693a32323b613a343a7b733a31303a224d656e754d6f64756c65223b733a31333a2273797374656d2f4d6f64756c65223b733a31343a224d656e75416374696f6e4e616d65223b733a363a2244656c657465223b733a31383a224d656e75416374696f6e46756e6374696f6e223b733a363a2264656c657465223b733a31363a224d656e75416374696f6e5365676d656e223b733a303a22223b7d693a32333b613a343a7b733a31303a224d656e754d6f64756c65223b733a31333a2273797374656d2f4d6f64756c65223b733a31343a224d656e75416374696f6e4e616d65223b733a343a2256696577223b733a31383a224d656e75416374696f6e46756e6374696f6e223b733a353a22696e646578223b733a31363a224d656e75416374696f6e5365676d656e223b733a303a22223b7d693a32343b613a343a7b733a31303a224d656e754d6f64756c65223b733a31333a2273797374656d2f4d6f64756c65223b733a31343a224d656e75416374696f6e4e616d65223b733a333a22416464223b733a31383a224d656e75416374696f6e46756e6374696f6e223b733a333a22616464223b733a31363a224d656e75416374696f6e5365676d656e223b733a303a22223b7d693a32353b613a343a7b733a31303a224d656e754d6f64756c65223b733a31383a2272656672656e73692f5369676e6174757265223b733a31343a224d656e75416374696f6e4e616d65223b733a363a2244656c657465223b733a31383a224d656e75416374696f6e46756e6374696f6e223b733a363a2264656c657465223b733a31363a224d656e75416374696f6e5365676d656e223b733a32353a2272656672656e73692f7369676e61747572652f64656c657465223b7d693a32363b613a343a7b733a31303a224d656e754d6f64756c65223b733a31383a2272656672656e73692f5369676e6174757265223b733a31343a224d656e75416374696f6e4e616d65223b733a343a2256696577223b733a31383a224d656e75416374696f6e46756e6374696f6e223b733a353a22696e646578223b733a31363a224d656e75416374696f6e5365676d656e223b733a32343a2272656672656e73692f7369676e61747572652f696e646578223b7d693a32373b613a343a7b733a31303a224d656e754d6f64756c65223b733a31383a2272656672656e73692f5369676e6174757265223b733a31343a224d656e75416374696f6e4e616d65223b733a343a22416a6178223b733a31383a224d656e75416374696f6e46756e6374696f6e223b733a343a22616a6178223b733a31363a224d656e75416374696f6e5365676d656e223b733a32333a2272656672656e73692f7369676e61747572652f616a6178223b7d693a32383b613a343a7b733a31303a224d656e754d6f64756c65223b733a31383a2272656672656e73692f5369676e6174757265223b733a31343a224d656e75416374696f6e4e616d65223b733a333a22416464223b733a31383a224d656e75416374696f6e46756e6374696f6e223b733a333a22616464223b733a31363a224d656e75416374696f6e5365676d656e223b733a32323a2272656672656e73692f7369676e61747572652f616464223b7d693a32393b613a343a7b733a31303a224d656e754d6f64756c65223b733a31383a2272656672656e73692f5369676e6174757265223b733a31343a224d656e75416374696f6e4e616d65223b733a363a22557064617465223b733a31383a224d656e75416374696f6e46756e6374696f6e223b733a363a22757064617465223b733a31363a224d656e75416374696f6e5365676d656e223b733a32353a2272656672656e73692f7369676e61747572652f757064617465223b7d693a33303b613a343a7b733a31303a224d656e754d6f64756c65223b733a31343a226d61737465722f446f6b756d656e223b733a31343a224d656e75416374696f6e4e616d65223b733a333a22416464223b733a31383a224d656e75416374696f6e46756e6374696f6e223b733a333a22616464223b733a31363a224d656e75416374696f6e5365676d656e223b733a31383a226d61737465722f646f6b756d656e2f616464223b7d693a33313b613a343a7b733a31303a224d656e754d6f64756c65223b733a31343a226d61737465722f446f6b756d656e223b733a31343a224d656e75416374696f6e4e616d65223b733a363a2244657461696c223b733a31383a224d656e75416374696f6e46756e6374696f6e223b733a363a2264657461696c223b733a31363a224d656e75416374696f6e5365676d656e223b733a32313a226d61737465722f646f6b756d656e2f64657461696c223b7d693a33323b613a343a7b733a31303a224d656e754d6f64756c65223b733a31343a226d61737465722f446f6b756d656e223b733a31343a224d656e75416374696f6e4e616d65223b733a363a22557064617465223b733a31383a224d656e75416374696f6e46756e6374696f6e223b733a363a22757064617465223b733a31363a224d656e75416374696f6e5365676d656e223b733a32313a226d61737465722f646f6b756d656e2f757064617465223b7d693a33333b613a343a7b733a31303a224d656e754d6f64756c65223b733a31343a226d61737465722f446f6b756d656e223b733a31343a224d656e75416374696f6e4e616d65223b733a31373a22427561742054616e64612054616e67616e223b733a31383a224d656e75416374696f6e46756e6374696f6e223b733a383a22736176655f706466223b733a31363a224d656e75416374696f6e5365676d656e223b733a32333a226d61737465722f646f6b756d656e2f736176655f706466223b7d693a33343b613a343a7b733a31303a224d656e754d6f64756c65223b733a31343a226d61737465722f446f6b756d656e223b733a31343a224d656e75416374696f6e4e616d65223b733a363a2244656c657465223b733a31383a224d656e75416374696f6e46756e6374696f6e223b733a363a2264656c657465223b733a31363a224d656e75416374696f6e5365676d656e223b733a32313a226d61737465722f646f6b756d656e2f64656c657465223b7d693a33353b613a343a7b733a31303a224d656e754d6f64756c65223b733a31343a226d61737465722f446f6b756d656e223b733a31343a224d656e75416374696f6e4e616d65223b733a343a2256696577223b733a31383a224d656e75416374696f6e46756e6374696f6e223b733a353a22696e646578223b733a31363a224d656e75416374696f6e5365676d656e223b733a32303a226d61737465722f646f6b756d656e2f696e646578223b7d693a33363b613a343a7b733a31303a224d656e754d6f64756c65223b733a31343a226d61737465722f446f6b756d656e223b733a31343a224d656e75416374696f6e4e616d65223b733a343a22416a6178223b733a31383a224d656e75416374696f6e46756e6374696f6e223b733a343a22616a6178223b733a31363a224d656e75416374696f6e5365676d656e223b733a31393a226d61737465722f646f6b756d656e2f616a6178223b7d7d757365725f7265616c5f6e616d657c733a31333a2241646d696e6973747261746f72223b69735f6c6f676765645f696e7c623a313b757365725f726f6c655f69647c733a313a2230223b757365725f756e69745f6b6f64657c733a313a2252223b757365725f756e69745f69647c733a313a2232223b757365725f756e69745f6e616d657c733a383a2252656b746f726174223b);
INSERT INTO `sys_sessions` (`id`, `ip_address`, `timestamp`, `data`) VALUES
('g2std3vimgd2gl79iqctpbrt0gm6d4u9', '::1', 1727514687, 0x5f5f63695f6c6173745f726567656e65726174657c693a313732373531343638353b757365725f69647c733a313a2231223b757365725f656d61696c7c733a303a22223b757365725f6e616d657c733a353a2261646d696e223b757365725f67726f75707c733a313a2230223b757365725f67726f75705f6e616d657c733a343a22526f6f74223b616e795f757365725f67726f75705f65786973747c4e3b6d656e755f70726976696c6567657c613a31303a7b693a34393b613a373a7b733a363a224d656e754964223b733a323a223439223b733a383a224d656e754e616d65223b733a373a22446f6b756d656e223b733a31323a224d656e75506172656e744964223b4e3b733a31303a224d656e754d6f64756c65223b4e3b733a31333a224d656e7549636f6e436c617373223b733a31303a2266612066612d626f6f6b223b733a393a224d656e754f72646572223b733a323a223130223b733a393a224d656e755374796c65223b4e3b7d693a31363b613a373a7b733a363a224d656e754964223b733a323a223136223b733a383a224d656e754e616d65223b733a31323a2254616e64612054616e67616e223b733a31323a224d656e75506172656e744964223b4e3b733a31303a224d656e754d6f64756c65223b4e3b733a31333a224d656e7549636f6e436c617373223b733a31343a2266612066612d6461746162617365223b733a393a224d656e754f72646572223b733a323a223230223b733a393a224d656e755374796c65223b4e3b7d693a313b613a373a7b733a363a224d656e754964223b733a313a2231223b733a383a224d656e754e616d65223b733a31373a2250656e6761747572616e2053697374656d223b733a31323a224d656e75506172656e744964223b4e3b733a31303a224d656e754d6f64756c65223b4e3b733a31333a224d656e7549636f6e436c617373223b733a31363a2266612d736f6c69642066612d67656172223b733a393a224d656e754f72646572223b733a323a223930223b733a393a224d656e755374796c65223b733a313a2231223b7d693a323b613a373a7b733a363a224d656e754964223b733a313a2232223b733a383a224d656e754e616d65223b733a343a22556e6974223b733a31323a224d656e75506172656e744964223b733a313a2231223b733a31303a224d656e754d6f64756c65223b733a31313a2273797374656d2f556e6974223b733a31333a224d656e7549636f6e436c617373223b733a303a22223b733a393a224d656e754f72646572223b733a323a223931223b733a393a224d656e755374796c65223b733a313a2231223b7d693a333b613a373a7b733a363a224d656e754964223b733a313a2233223b733a383a224d656e754e616d65223b733a353a2247726f7570223b733a31323a224d656e75506172656e744964223b733a313a2231223b733a31303a224d656e754d6f64756c65223b733a31323a2273797374656d2f47726f7570223b733a31333a224d656e7549636f6e436c617373223b733a303a22223b733a393a224d656e754f72646572223b733a323a223932223b733a393a224d656e755374796c65223b733a313a2231223b7d693a343b613a373a7b733a363a224d656e754964223b733a313a2234223b733a383a224d656e754e616d65223b733a343a2255736572223b733a31323a224d656e75506172656e744964223b733a313a2231223b733a31303a224d656e754d6f64756c65223b733a31313a2273797374656d2f55736572223b733a31333a224d656e7549636f6e436c617373223b733a303a22223b733a393a224d656e754f72646572223b733a323a223933223b733a393a224d656e755374796c65223b733a313a2231223b7d693a383b613a373a7b733a363a224d656e754964223b733a313a2238223b733a383a224d656e754e616d65223b733a363a22436f6e666967223b733a31323a224d656e75506172656e744964223b733a313a2231223b733a31303a224d656e754d6f64756c65223b733a31333a2273797374656d2f436f6e666967223b733a31333a224d656e7549636f6e436c617373223b733a303a22223b733a393a224d656e754f72646572223b733a323a223937223b733a393a224d656e755374796c65223b733a313a2231223b7d693a393b613a373a7b733a363a224d656e754964223b733a313a2239223b733a383a224d656e754e616d65223b733a31353a2247656e6572617465204d6f64756c65223b733a31323a224d656e75506172656e744964223b733a313a2231223b733a31303a224d656e754d6f64756c65223b733a31333a2273797374656d2f4d6f64756c65223b733a31333a224d656e7549636f6e436c617373223b733a303a22223b733a393a224d656e754f72646572223b733a323a223938223b733a393a224d656e755374796c65223b733a313a2230223b7d693a34373b613a373a7b733a363a224d656e754964223b733a323a223437223b733a383a224d656e754e616d65223b733a32303a2254616e64612054616e67616e204469676974616c223b733a31323a224d656e75506172656e744964223b733a323a223136223b733a31303a224d656e754d6f64756c65223b733a31383a2272656672656e73692f5369676e6174757265223b733a31333a224d656e7549636f6e436c617373223b733a303a22223b733a393a224d656e754f72646572223b733a323a223234223b733a393a224d656e755374796c65223b4e3b7d693a35303b613a373a7b733a363a224d656e754964223b733a323a223530223b733a383a224d656e754e616d65223b733a31343a22416a756b616e20446f6b756d656e223b733a31323a224d656e75506172656e744964223b733a323a223439223b733a31303a224d656e754d6f64756c65223b733a31343a226d61737465722f446f6b756d656e223b733a31333a224d656e7549636f6e436c617373223b733a303a22223b733a393a224d656e754f72646572223b733a323a223131223b733a393a224d656e755374796c65223b4e3b7d7d616374696f6e5f70726976696c6567657c613a33373a7b693a303b613a343a7b733a31303a224d656e754d6f64756c65223b4e3b733a31343a224d656e75416374696f6e4e616d65223b733a343a2256696577223b733a31383a224d656e75416374696f6e46756e6374696f6e223b4e3b733a31363a224d656e75416374696f6e5365676d656e223b733a303a22223b7d693a313b613a343a7b733a31303a224d656e754d6f64756c65223b4e3b733a31343a224d656e75416374696f6e4e616d65223b733a343a2256696577223b733a31383a224d656e75416374696f6e46756e6374696f6e223b4e3b733a31363a224d656e75416374696f6e5365676d656e223b733a303a22223b7d693a323b613a343a7b733a31303a224d656e754d6f64756c65223b4e3b733a31343a224d656e75416374696f6e4e616d65223b733a343a2256696577223b733a31383a224d656e75416374696f6e46756e6374696f6e223b733a353a22696e646578223b733a31363a224d656e75416374696f6e5365676d656e223b733a31373a2273797374656d2f686f6d652f696e646578223b7d693a333b613a343a7b733a31303a224d656e754d6f64756c65223b733a31313a2273797374656d2f556e6974223b733a31343a224d656e75416374696f6e4e616d65223b733a363a2244656c657465223b733a31383a224d656e75416374696f6e46756e6374696f6e223b733a363a2264656c657465223b733a31363a224d656e75416374696f6e5365676d656e223b733a31383a2273797374656d2f756e69742f64656c657465223b7d693a343b613a343a7b733a31303a224d656e754d6f64756c65223b733a31313a2273797374656d2f556e6974223b733a31343a224d656e75416374696f6e4e616d65223b733a343a2256696577223b733a31383a224d656e75416374696f6e46756e6374696f6e223b733a353a22696e646578223b733a31363a224d656e75416374696f6e5365676d656e223b733a31373a2273797374656d2f756e69742f696e646578223b7d693a353b613a343a7b733a31303a224d656e754d6f64756c65223b733a31313a2273797374656d2f556e6974223b733a31343a224d656e75416374696f6e4e616d65223b733a333a22416464223b733a31383a224d656e75416374696f6e46756e6374696f6e223b733a333a22616464223b733a31363a224d656e75416374696f6e5365676d656e223b733a31353a2273797374656d2f756e69742f616464223b7d693a363b613a343a7b733a31303a224d656e754d6f64756c65223b733a31313a2273797374656d2f556e6974223b733a31343a224d656e75416374696f6e4e616d65223b733a363a22557064617465223b733a31383a224d656e75416374696f6e46756e6374696f6e223b733a363a22757064617465223b733a31363a224d656e75416374696f6e5365676d656e223b733a31383a2273797374656d2f756e69742f757064617465223b7d693a373b613a343a7b733a31303a224d656e754d6f64756c65223b733a31323a2273797374656d2f47726f7570223b733a31343a224d656e75416374696f6e4e616d65223b733a363a2244656c657465223b733a31383a224d656e75416374696f6e46756e6374696f6e223b733a363a2264656c657465223b733a31363a224d656e75416374696f6e5365676d656e223b733a31393a2273797374656d2f67726f75702f64656c657465223b7d693a383b613a343a7b733a31303a224d656e754d6f64756c65223b733a31323a2273797374656d2f47726f7570223b733a31343a224d656e75416374696f6e4e616d65223b733a343a22416a6178223b733a31383a224d656e75416374696f6e46756e6374696f6e223b733a343a22616a6178223b733a31363a224d656e75416374696f6e5365676d656e223b733a33343a2273797374656d2f67726f75702f646174617461626c65735f646174615f67726f7570223b7d693a393b613a343a7b733a31303a224d656e754d6f64756c65223b733a31323a2273797374656d2f47726f7570223b733a31343a224d656e75416374696f6e4e616d65223b733a343a2256696577223b733a31383a224d656e75416374696f6e46756e6374696f6e223b733a353a22696e646578223b733a31363a224d656e75416374696f6e5365676d656e223b733a31383a2273797374656d2f67726f75702f696e646578223b7d693a31303b613a343a7b733a31303a224d656e754d6f64756c65223b733a31323a2273797374656d2f47726f7570223b733a31343a224d656e75416374696f6e4e616d65223b733a333a22416464223b733a31383a224d656e75416374696f6e46756e6374696f6e223b733a333a22616464223b733a31363a224d656e75416374696f6e5365676d656e223b733a31363a2273797374656d2f67726f75702f616464223b7d693a31313b613a343a7b733a31303a224d656e754d6f64756c65223b733a31323a2273797374656d2f47726f7570223b733a31343a224d656e75416374696f6e4e616d65223b733a363a22557064617465223b733a31383a224d656e75416374696f6e46756e6374696f6e223b733a363a22757064617465223b733a31363a224d656e75416374696f6e5365676d656e223b733a31393a2273797374656d2f67726f75702f757064617465223b7d693a31323b613a343a7b733a31303a224d656e754d6f64756c65223b733a31313a2273797374656d2f55736572223b733a31343a224d656e75416374696f6e4e616d65223b733a363a22557064617465223b733a31383a224d656e75416374696f6e46756e6374696f6e223b733a363a22757064617465223b733a31363a224d656e75416374696f6e5365676d656e223b733a31383a2273797374656d2f757365722f757064617465223b7d693a31333b613a343a7b733a31303a224d656e754d6f64756c65223b733a31313a2273797374656d2f55736572223b733a31343a224d656e75416374696f6e4e616d65223b733a363a2244657461696c223b733a31383a224d656e75416374696f6e46756e6374696f6e223b733a363a2264657461696c223b733a31363a224d656e75416374696f6e5365676d656e223b733a31383a2273797374656d2f757365722f64657461696c223b7d693a31343b613a343a7b733a31303a224d656e754d6f64756c65223b733a31313a2273797374656d2f55736572223b733a31343a224d656e75416374696f6e4e616d65223b733a363a2244656c657465223b733a31383a224d656e75416374696f6e46756e6374696f6e223b733a363a2264656c657465223b733a31363a224d656e75416374696f6e5365676d656e223b733a31383a2273797374656d2f757365722f64656c657465223b7d693a31353b613a343a7b733a31303a224d656e754d6f64756c65223b733a31313a2273797374656d2f55736572223b733a31343a224d656e75416374696f6e4e616d65223b733a343a2256696577223b733a31383a224d656e75416374696f6e46756e6374696f6e223b733a353a22696e646578223b733a31363a224d656e75416374696f6e5365676d656e223b733a31373a2273797374656d2f757365722f696e646578223b7d693a31363b613a343a7b733a31303a224d656e754d6f64756c65223b733a31313a2273797374656d2f55736572223b733a31343a224d656e75416374696f6e4e616d65223b733a31353a22446174617461626c65732055736572223b733a31383a224d656e75416374696f6e46756e6374696f6e223b733a31353a22646174617461626c65735f75736572223b733a31363a224d656e75416374696f6e5365676d656e223b733a32373a2273797374656d2f757365722f646174617461626c65735f75736572223b7d693a31373b613a343a7b733a31303a224d656e754d6f64756c65223b733a31313a2273797374656d2f55736572223b733a31343a224d656e75416374696f6e4e616d65223b733a333a22416464223b733a31383a224d656e75416374696f6e46756e6374696f6e223b733a333a22616464223b733a31363a224d656e75416374696f6e5365676d656e223b733a31353a2273797374656d2f757365722f616464223b7d693a31383b613a343a7b733a31303a224d656e754d6f64756c65223b733a31333a2273797374656d2f436f6e666967223b733a31343a224d656e75416374696f6e4e616d65223b733a343a2256696577223b733a31383a224d656e75416374696f6e46756e6374696f6e223b733a353a22696e646578223b733a31363a224d656e75416374696f6e5365676d656e223b733a31393a2273797374656d2f636f6e6669672f696e646578223b7d693a31393b613a343a7b733a31303a224d656e754d6f64756c65223b733a31333a2273797374656d2f436f6e666967223b733a31343a224d656e75416374696f6e4e616d65223b733a343a22416a6178223b733a31383a224d656e75416374696f6e46756e6374696f6e223b733a343a22616a6178223b733a31363a224d656e75416374696f6e5365676d656e223b733a31383a2273797374656d2f636f6e6669672f616a6178223b7d693a32303b613a343a7b733a31303a224d656e754d6f64756c65223b733a31333a2273797374656d2f436f6e666967223b733a31343a224d656e75416374696f6e4e616d65223b733a363a22557064617465223b733a31383a224d656e75416374696f6e46756e6374696f6e223b733a363a22757064617465223b733a31363a224d656e75416374696f6e5365676d656e223b733a32303a2273797374656d2f636f6e6669672f757064617465223b7d693a32313b613a343a7b733a31303a224d656e754d6f64756c65223b733a31333a2273797374656d2f4d6f64756c65223b733a31343a224d656e75416374696f6e4e616d65223b733a343a2256696577223b733a31383a224d656e75416374696f6e46756e6374696f6e223b733a353a22696e646578223b733a31363a224d656e75416374696f6e5365676d656e223b733a303a22223b7d693a32323b613a343a7b733a31303a224d656e754d6f64756c65223b733a31333a2273797374656d2f4d6f64756c65223b733a31343a224d656e75416374696f6e4e616d65223b733a333a22416464223b733a31383a224d656e75416374696f6e46756e6374696f6e223b733a333a22616464223b733a31363a224d656e75416374696f6e5365676d656e223b733a303a22223b7d693a32333b613a343a7b733a31303a224d656e754d6f64756c65223b733a31333a2273797374656d2f4d6f64756c65223b733a31343a224d656e75416374696f6e4e616d65223b733a363a22557064617465223b733a31383a224d656e75416374696f6e46756e6374696f6e223b733a363a22757064617465223b733a31363a224d656e75416374696f6e5365676d656e223b733a303a22223b7d693a32343b613a343a7b733a31303a224d656e754d6f64756c65223b733a31333a2273797374656d2f4d6f64756c65223b733a31343a224d656e75416374696f6e4e616d65223b733a363a2244656c657465223b733a31383a224d656e75416374696f6e46756e6374696f6e223b733a363a2264656c657465223b733a31363a224d656e75416374696f6e5365676d656e223b733a303a22223b7d693a32353b613a343a7b733a31303a224d656e754d6f64756c65223b733a31383a2272656672656e73692f5369676e6174757265223b733a31343a224d656e75416374696f6e4e616d65223b733a363a22557064617465223b733a31383a224d656e75416374696f6e46756e6374696f6e223b733a363a22757064617465223b733a31363a224d656e75416374696f6e5365676d656e223b733a32353a2272656672656e73692f7369676e61747572652f757064617465223b7d693a32363b613a343a7b733a31303a224d656e754d6f64756c65223b733a31383a2272656672656e73692f5369676e6174757265223b733a31343a224d656e75416374696f6e4e616d65223b733a363a2244656c657465223b733a31383a224d656e75416374696f6e46756e6374696f6e223b733a363a2264656c657465223b733a31363a224d656e75416374696f6e5365676d656e223b733a32353a2272656672656e73692f7369676e61747572652f64656c657465223b7d693a32373b613a343a7b733a31303a224d656e754d6f64756c65223b733a31383a2272656672656e73692f5369676e6174757265223b733a31343a224d656e75416374696f6e4e616d65223b733a343a2256696577223b733a31383a224d656e75416374696f6e46756e6374696f6e223b733a353a22696e646578223b733a31363a224d656e75416374696f6e5365676d656e223b733a32343a2272656672656e73692f7369676e61747572652f696e646578223b7d693a32383b613a343a7b733a31303a224d656e754d6f64756c65223b733a31383a2272656672656e73692f5369676e6174757265223b733a31343a224d656e75416374696f6e4e616d65223b733a343a22416a6178223b733a31383a224d656e75416374696f6e46756e6374696f6e223b733a343a22616a6178223b733a31363a224d656e75416374696f6e5365676d656e223b733a32333a2272656672656e73692f7369676e61747572652f616a6178223b7d693a32393b613a343a7b733a31303a224d656e754d6f64756c65223b733a31383a2272656672656e73692f5369676e6174757265223b733a31343a224d656e75416374696f6e4e616d65223b733a333a22416464223b733a31383a224d656e75416374696f6e46756e6374696f6e223b733a333a22616464223b733a31363a224d656e75416374696f6e5365676d656e223b733a32323a2272656672656e73692f7369676e61747572652f616464223b7d693a33303b613a343a7b733a31303a224d656e754d6f64756c65223b733a31343a226d61737465722f446f6b756d656e223b733a31343a224d656e75416374696f6e4e616d65223b733a31373a22427561742054616e64612054616e67616e223b733a31383a224d656e75416374696f6e46756e6374696f6e223b733a383a22736176655f706466223b733a31363a224d656e75416374696f6e5365676d656e223b733a32333a226d61737465722f646f6b756d656e2f736176655f706466223b7d693a33313b613a343a7b733a31303a224d656e754d6f64756c65223b733a31343a226d61737465722f446f6b756d656e223b733a31343a224d656e75416374696f6e4e616d65223b733a363a2244656c657465223b733a31383a224d656e75416374696f6e46756e6374696f6e223b733a363a2264656c657465223b733a31363a224d656e75416374696f6e5365676d656e223b733a32313a226d61737465722f646f6b756d656e2f64656c657465223b7d693a33323b613a343a7b733a31303a224d656e754d6f64756c65223b733a31343a226d61737465722f446f6b756d656e223b733a31343a224d656e75416374696f6e4e616d65223b733a343a2256696577223b733a31383a224d656e75416374696f6e46756e6374696f6e223b733a353a22696e646578223b733a31363a224d656e75416374696f6e5365676d656e223b733a32303a226d61737465722f646f6b756d656e2f696e646578223b7d693a33333b613a343a7b733a31303a224d656e754d6f64756c65223b733a31343a226d61737465722f446f6b756d656e223b733a31343a224d656e75416374696f6e4e616d65223b733a343a22416a6178223b733a31383a224d656e75416374696f6e46756e6374696f6e223b733a343a22616a6178223b733a31363a224d656e75416374696f6e5365676d656e223b733a31393a226d61737465722f646f6b756d656e2f616a6178223b7d693a33343b613a343a7b733a31303a224d656e754d6f64756c65223b733a31343a226d61737465722f446f6b756d656e223b733a31343a224d656e75416374696f6e4e616d65223b733a333a22416464223b733a31383a224d656e75416374696f6e46756e6374696f6e223b733a333a22616464223b733a31363a224d656e75416374696f6e5365676d656e223b733a31383a226d61737465722f646f6b756d656e2f616464223b7d693a33353b613a343a7b733a31303a224d656e754d6f64756c65223b733a31343a226d61737465722f446f6b756d656e223b733a31343a224d656e75416374696f6e4e616d65223b733a363a2244657461696c223b733a31383a224d656e75416374696f6e46756e6374696f6e223b733a363a2264657461696c223b733a31363a224d656e75416374696f6e5365676d656e223b733a32313a226d61737465722f646f6b756d656e2f64657461696c223b7d693a33363b613a343a7b733a31303a224d656e754d6f64756c65223b733a31343a226d61737465722f446f6b756d656e223b733a31343a224d656e75416374696f6e4e616d65223b733a363a22557064617465223b733a31383a224d656e75416374696f6e46756e6374696f6e223b733a363a22757064617465223b733a31363a224d656e75416374696f6e5365676d656e223b733a32313a226d61737465722f646f6b756d656e2f757064617465223b7d7d757365725f7265616c5f6e616d657c733a31333a2241646d696e6973747261746f72223b69735f6c6f676765645f696e7c623a313b757365725f726f6c655f69647c733a313a2230223b757365725f756e69745f6b6f64657c733a313a2252223b757365725f756e69745f69647c733a313a2232223b757365725f756e69745f6e616d657c733a383a2252656b746f726174223b),
('t36dmdfrsqe5ruk3m5s57v5ka053p6gb', '::1', 1727658335, 0x5f5f63695f6c6173745f726567656e65726174657c693a313732373635383038333b757365725f69647c733a313a2231223b757365725f656d61696c7c733a303a22223b757365725f6e616d657c733a353a2261646d696e223b757365725f67726f75707c733a313a2230223b757365725f67726f75705f6e616d657c733a343a22526f6f74223b616e795f757365725f67726f75705f65786973747c4e3b6d656e755f70726976696c6567657c613a31303a7b693a34393b613a373a7b733a363a224d656e754964223b733a323a223439223b733a383a224d656e754e616d65223b733a373a22446f6b756d656e223b733a31323a224d656e75506172656e744964223b4e3b733a31303a224d656e754d6f64756c65223b4e3b733a31333a224d656e7549636f6e436c617373223b733a31303a2266612066612d626f6f6b223b733a393a224d656e754f72646572223b733a323a223130223b733a393a224d656e755374796c65223b4e3b7d693a31363b613a373a7b733a363a224d656e754964223b733a323a223136223b733a383a224d656e754e616d65223b733a31323a2254616e64612054616e67616e223b733a31323a224d656e75506172656e744964223b4e3b733a31303a224d656e754d6f64756c65223b4e3b733a31333a224d656e7549636f6e436c617373223b733a31343a2266612066612d6461746162617365223b733a393a224d656e754f72646572223b733a323a223230223b733a393a224d656e755374796c65223b4e3b7d693a313b613a373a7b733a363a224d656e754964223b733a313a2231223b733a383a224d656e754e616d65223b733a31373a2250656e6761747572616e2053697374656d223b733a31323a224d656e75506172656e744964223b4e3b733a31303a224d656e754d6f64756c65223b4e3b733a31333a224d656e7549636f6e436c617373223b733a31363a2266612d736f6c69642066612d67656172223b733a393a224d656e754f72646572223b733a323a223930223b733a393a224d656e755374796c65223b733a313a2231223b7d693a323b613a373a7b733a363a224d656e754964223b733a313a2232223b733a383a224d656e754e616d65223b733a343a22556e6974223b733a31323a224d656e75506172656e744964223b733a313a2231223b733a31303a224d656e754d6f64756c65223b733a31313a2273797374656d2f556e6974223b733a31333a224d656e7549636f6e436c617373223b733a303a22223b733a393a224d656e754f72646572223b733a323a223931223b733a393a224d656e755374796c65223b733a313a2231223b7d693a333b613a373a7b733a363a224d656e754964223b733a313a2233223b733a383a224d656e754e616d65223b733a353a2247726f7570223b733a31323a224d656e75506172656e744964223b733a313a2231223b733a31303a224d656e754d6f64756c65223b733a31323a2273797374656d2f47726f7570223b733a31333a224d656e7549636f6e436c617373223b733a303a22223b733a393a224d656e754f72646572223b733a323a223932223b733a393a224d656e755374796c65223b733a313a2231223b7d693a343b613a373a7b733a363a224d656e754964223b733a313a2234223b733a383a224d656e754e616d65223b733a343a2255736572223b733a31323a224d656e75506172656e744964223b733a313a2231223b733a31303a224d656e754d6f64756c65223b733a31313a2273797374656d2f55736572223b733a31333a224d656e7549636f6e436c617373223b733a303a22223b733a393a224d656e754f72646572223b733a323a223933223b733a393a224d656e755374796c65223b733a313a2231223b7d693a383b613a373a7b733a363a224d656e754964223b733a313a2238223b733a383a224d656e754e616d65223b733a363a22436f6e666967223b733a31323a224d656e75506172656e744964223b733a313a2231223b733a31303a224d656e754d6f64756c65223b733a31333a2273797374656d2f436f6e666967223b733a31333a224d656e7549636f6e436c617373223b733a303a22223b733a393a224d656e754f72646572223b733a323a223937223b733a393a224d656e755374796c65223b733a313a2231223b7d693a393b613a373a7b733a363a224d656e754964223b733a313a2239223b733a383a224d656e754e616d65223b733a31353a2247656e6572617465204d6f64756c65223b733a31323a224d656e75506172656e744964223b733a313a2231223b733a31303a224d656e754d6f64756c65223b733a31333a2273797374656d2f4d6f64756c65223b733a31333a224d656e7549636f6e436c617373223b733a303a22223b733a393a224d656e754f72646572223b733a323a223938223b733a393a224d656e755374796c65223b733a313a2230223b7d693a34373b613a373a7b733a363a224d656e754964223b733a323a223437223b733a383a224d656e754e616d65223b733a32303a2254616e64612054616e67616e204469676974616c223b733a31323a224d656e75506172656e744964223b733a323a223136223b733a31303a224d656e754d6f64756c65223b733a31383a2272656672656e73692f5369676e6174757265223b733a31333a224d656e7549636f6e436c617373223b733a303a22223b733a393a224d656e754f72646572223b733a323a223234223b733a393a224d656e755374796c65223b4e3b7d693a35303b613a373a7b733a363a224d656e754964223b733a323a223530223b733a383a224d656e754e616d65223b733a31343a22416a756b616e20446f6b756d656e223b733a31323a224d656e75506172656e744964223b733a323a223439223b733a31303a224d656e754d6f64756c65223b733a31343a226d61737465722f446f6b756d656e223b733a31333a224d656e7549636f6e436c617373223b733a303a22223b733a393a224d656e754f72646572223b733a323a223131223b733a393a224d656e755374796c65223b4e3b7d7d616374696f6e5f70726976696c6567657c613a33373a7b693a303b613a343a7b733a31303a224d656e754d6f64756c65223b4e3b733a31343a224d656e75416374696f6e4e616d65223b733a343a2256696577223b733a31383a224d656e75416374696f6e46756e6374696f6e223b4e3b733a31363a224d656e75416374696f6e5365676d656e223b733a303a22223b7d693a313b613a343a7b733a31303a224d656e754d6f64756c65223b4e3b733a31343a224d656e75416374696f6e4e616d65223b733a343a2256696577223b733a31383a224d656e75416374696f6e46756e6374696f6e223b4e3b733a31363a224d656e75416374696f6e5365676d656e223b733a303a22223b7d693a323b613a343a7b733a31303a224d656e754d6f64756c65223b4e3b733a31343a224d656e75416374696f6e4e616d65223b733a343a2256696577223b733a31383a224d656e75416374696f6e46756e6374696f6e223b733a353a22696e646578223b733a31363a224d656e75416374696f6e5365676d656e223b733a31373a2273797374656d2f686f6d652f696e646578223b7d693a333b613a343a7b733a31303a224d656e754d6f64756c65223b733a31313a2273797374656d2f556e6974223b733a31343a224d656e75416374696f6e4e616d65223b733a343a2256696577223b733a31383a224d656e75416374696f6e46756e6374696f6e223b733a353a22696e646578223b733a31363a224d656e75416374696f6e5365676d656e223b733a31373a2273797374656d2f756e69742f696e646578223b7d693a343b613a343a7b733a31303a224d656e754d6f64756c65223b733a31313a2273797374656d2f556e6974223b733a31343a224d656e75416374696f6e4e616d65223b733a333a22416464223b733a31383a224d656e75416374696f6e46756e6374696f6e223b733a333a22616464223b733a31363a224d656e75416374696f6e5365676d656e223b733a31353a2273797374656d2f756e69742f616464223b7d693a353b613a343a7b733a31303a224d656e754d6f64756c65223b733a31313a2273797374656d2f556e6974223b733a31343a224d656e75416374696f6e4e616d65223b733a363a22557064617465223b733a31383a224d656e75416374696f6e46756e6374696f6e223b733a363a22757064617465223b733a31363a224d656e75416374696f6e5365676d656e223b733a31383a2273797374656d2f756e69742f757064617465223b7d693a363b613a343a7b733a31303a224d656e754d6f64756c65223b733a31313a2273797374656d2f556e6974223b733a31343a224d656e75416374696f6e4e616d65223b733a363a2244656c657465223b733a31383a224d656e75416374696f6e46756e6374696f6e223b733a363a2264656c657465223b733a31363a224d656e75416374696f6e5365676d656e223b733a31383a2273797374656d2f756e69742f64656c657465223b7d693a373b613a343a7b733a31303a224d656e754d6f64756c65223b733a31323a2273797374656d2f47726f7570223b733a31343a224d656e75416374696f6e4e616d65223b733a363a2244656c657465223b733a31383a224d656e75416374696f6e46756e6374696f6e223b733a363a2264656c657465223b733a31363a224d656e75416374696f6e5365676d656e223b733a31393a2273797374656d2f67726f75702f64656c657465223b7d693a383b613a343a7b733a31303a224d656e754d6f64756c65223b733a31323a2273797374656d2f47726f7570223b733a31343a224d656e75416374696f6e4e616d65223b733a343a22416a6178223b733a31383a224d656e75416374696f6e46756e6374696f6e223b733a343a22616a6178223b733a31363a224d656e75416374696f6e5365676d656e223b733a33343a2273797374656d2f67726f75702f646174617461626c65735f646174615f67726f7570223b7d693a393b613a343a7b733a31303a224d656e754d6f64756c65223b733a31323a2273797374656d2f47726f7570223b733a31343a224d656e75416374696f6e4e616d65223b733a343a2256696577223b733a31383a224d656e75416374696f6e46756e6374696f6e223b733a353a22696e646578223b733a31363a224d656e75416374696f6e5365676d656e223b733a31383a2273797374656d2f67726f75702f696e646578223b7d693a31303b613a343a7b733a31303a224d656e754d6f64756c65223b733a31323a2273797374656d2f47726f7570223b733a31343a224d656e75416374696f6e4e616d65223b733a333a22416464223b733a31383a224d656e75416374696f6e46756e6374696f6e223b733a333a22616464223b733a31363a224d656e75416374696f6e5365676d656e223b733a31363a2273797374656d2f67726f75702f616464223b7d693a31313b613a343a7b733a31303a224d656e754d6f64756c65223b733a31323a2273797374656d2f47726f7570223b733a31343a224d656e75416374696f6e4e616d65223b733a363a22557064617465223b733a31383a224d656e75416374696f6e46756e6374696f6e223b733a363a22757064617465223b733a31363a224d656e75416374696f6e5365676d656e223b733a31393a2273797374656d2f67726f75702f757064617465223b7d693a31323b613a343a7b733a31303a224d656e754d6f64756c65223b733a31313a2273797374656d2f55736572223b733a31343a224d656e75416374696f6e4e616d65223b733a363a2244657461696c223b733a31383a224d656e75416374696f6e46756e6374696f6e223b733a363a2264657461696c223b733a31363a224d656e75416374696f6e5365676d656e223b733a31383a2273797374656d2f757365722f64657461696c223b7d693a31333b613a343a7b733a31303a224d656e754d6f64756c65223b733a31313a2273797374656d2f55736572223b733a31343a224d656e75416374696f6e4e616d65223b733a363a2244656c657465223b733a31383a224d656e75416374696f6e46756e6374696f6e223b733a363a2264656c657465223b733a31363a224d656e75416374696f6e5365676d656e223b733a31383a2273797374656d2f757365722f64656c657465223b7d693a31343b613a343a7b733a31303a224d656e754d6f64756c65223b733a31313a2273797374656d2f55736572223b733a31343a224d656e75416374696f6e4e616d65223b733a343a2256696577223b733a31383a224d656e75416374696f6e46756e6374696f6e223b733a353a22696e646578223b733a31363a224d656e75416374696f6e5365676d656e223b733a31373a2273797374656d2f757365722f696e646578223b7d693a31353b613a343a7b733a31303a224d656e754d6f64756c65223b733a31313a2273797374656d2f55736572223b733a31343a224d656e75416374696f6e4e616d65223b733a31353a22446174617461626c65732055736572223b733a31383a224d656e75416374696f6e46756e6374696f6e223b733a31353a22646174617461626c65735f75736572223b733a31363a224d656e75416374696f6e5365676d656e223b733a32373a2273797374656d2f757365722f646174617461626c65735f75736572223b7d693a31363b613a343a7b733a31303a224d656e754d6f64756c65223b733a31313a2273797374656d2f55736572223b733a31343a224d656e75416374696f6e4e616d65223b733a333a22416464223b733a31383a224d656e75416374696f6e46756e6374696f6e223b733a333a22616464223b733a31363a224d656e75416374696f6e5365676d656e223b733a31353a2273797374656d2f757365722f616464223b7d693a31373b613a343a7b733a31303a224d656e754d6f64756c65223b733a31313a2273797374656d2f55736572223b733a31343a224d656e75416374696f6e4e616d65223b733a363a22557064617465223b733a31383a224d656e75416374696f6e46756e6374696f6e223b733a363a22757064617465223b733a31363a224d656e75416374696f6e5365676d656e223b733a31383a2273797374656d2f757365722f757064617465223b7d693a31383b613a343a7b733a31303a224d656e754d6f64756c65223b733a31333a2273797374656d2f436f6e666967223b733a31343a224d656e75416374696f6e4e616d65223b733a343a2256696577223b733a31383a224d656e75416374696f6e46756e6374696f6e223b733a353a22696e646578223b733a31363a224d656e75416374696f6e5365676d656e223b733a31393a2273797374656d2f636f6e6669672f696e646578223b7d693a31393b613a343a7b733a31303a224d656e754d6f64756c65223b733a31333a2273797374656d2f436f6e666967223b733a31343a224d656e75416374696f6e4e616d65223b733a343a22416a6178223b733a31383a224d656e75416374696f6e46756e6374696f6e223b733a343a22616a6178223b733a31363a224d656e75416374696f6e5365676d656e223b733a31383a2273797374656d2f636f6e6669672f616a6178223b7d693a32303b613a343a7b733a31303a224d656e754d6f64756c65223b733a31333a2273797374656d2f436f6e666967223b733a31343a224d656e75416374696f6e4e616d65223b733a363a22557064617465223b733a31383a224d656e75416374696f6e46756e6374696f6e223b733a363a22757064617465223b733a31363a224d656e75416374696f6e5365676d656e223b733a32303a2273797374656d2f636f6e6669672f757064617465223b7d693a32313b613a343a7b733a31303a224d656e754d6f64756c65223b733a31333a2273797374656d2f4d6f64756c65223b733a31343a224d656e75416374696f6e4e616d65223b733a343a2256696577223b733a31383a224d656e75416374696f6e46756e6374696f6e223b733a353a22696e646578223b733a31363a224d656e75416374696f6e5365676d656e223b733a303a22223b7d693a32323b613a343a7b733a31303a224d656e754d6f64756c65223b733a31333a2273797374656d2f4d6f64756c65223b733a31343a224d656e75416374696f6e4e616d65223b733a333a22416464223b733a31383a224d656e75416374696f6e46756e6374696f6e223b733a333a22616464223b733a31363a224d656e75416374696f6e5365676d656e223b733a303a22223b7d693a32333b613a343a7b733a31303a224d656e754d6f64756c65223b733a31333a2273797374656d2f4d6f64756c65223b733a31343a224d656e75416374696f6e4e616d65223b733a363a22557064617465223b733a31383a224d656e75416374696f6e46756e6374696f6e223b733a363a22757064617465223b733a31363a224d656e75416374696f6e5365676d656e223b733a303a22223b7d693a32343b613a343a7b733a31303a224d656e754d6f64756c65223b733a31333a2273797374656d2f4d6f64756c65223b733a31343a224d656e75416374696f6e4e616d65223b733a363a2244656c657465223b733a31383a224d656e75416374696f6e46756e6374696f6e223b733a363a2264656c657465223b733a31363a224d656e75416374696f6e5365676d656e223b733a303a22223b7d693a32353b613a343a7b733a31303a224d656e754d6f64756c65223b733a31383a2272656672656e73692f5369676e6174757265223b733a31343a224d656e75416374696f6e4e616d65223b733a363a22557064617465223b733a31383a224d656e75416374696f6e46756e6374696f6e223b733a363a22757064617465223b733a31363a224d656e75416374696f6e5365676d656e223b733a32353a2272656672656e73692f7369676e61747572652f757064617465223b7d693a32363b613a343a7b733a31303a224d656e754d6f64756c65223b733a31383a2272656672656e73692f5369676e6174757265223b733a31343a224d656e75416374696f6e4e616d65223b733a363a2244656c657465223b733a31383a224d656e75416374696f6e46756e6374696f6e223b733a363a2264656c657465223b733a31363a224d656e75416374696f6e5365676d656e223b733a32353a2272656672656e73692f7369676e61747572652f64656c657465223b7d693a32373b613a343a7b733a31303a224d656e754d6f64756c65223b733a31383a2272656672656e73692f5369676e6174757265223b733a31343a224d656e75416374696f6e4e616d65223b733a343a2256696577223b733a31383a224d656e75416374696f6e46756e6374696f6e223b733a353a22696e646578223b733a31363a224d656e75416374696f6e5365676d656e223b733a32343a2272656672656e73692f7369676e61747572652f696e646578223b7d693a32383b613a343a7b733a31303a224d656e754d6f64756c65223b733a31383a2272656672656e73692f5369676e6174757265223b733a31343a224d656e75416374696f6e4e616d65223b733a343a22416a6178223b733a31383a224d656e75416374696f6e46756e6374696f6e223b733a343a22616a6178223b733a31363a224d656e75416374696f6e5365676d656e223b733a32333a2272656672656e73692f7369676e61747572652f616a6178223b7d693a32393b613a343a7b733a31303a224d656e754d6f64756c65223b733a31383a2272656672656e73692f5369676e6174757265223b733a31343a224d656e75416374696f6e4e616d65223b733a333a22416464223b733a31383a224d656e75416374696f6e46756e6374696f6e223b733a333a22616464223b733a31363a224d656e75416374696f6e5365676d656e223b733a32323a2272656672656e73692f7369676e61747572652f616464223b7d693a33303b613a343a7b733a31303a224d656e754d6f64756c65223b733a31343a226d61737465722f446f6b756d656e223b733a31343a224d656e75416374696f6e4e616d65223b733a363a2244656c657465223b733a31383a224d656e75416374696f6e46756e6374696f6e223b733a363a2264656c657465223b733a31363a224d656e75416374696f6e5365676d656e223b733a32313a226d61737465722f646f6b756d656e2f64656c657465223b7d693a33313b613a343a7b733a31303a224d656e754d6f64756c65223b733a31343a226d61737465722f446f6b756d656e223b733a31343a224d656e75416374696f6e4e616d65223b733a343a2256696577223b733a31383a224d656e75416374696f6e46756e6374696f6e223b733a353a22696e646578223b733a31363a224d656e75416374696f6e5365676d656e223b733a32303a226d61737465722f646f6b756d656e2f696e646578223b7d693a33323b613a343a7b733a31303a224d656e754d6f64756c65223b733a31343a226d61737465722f446f6b756d656e223b733a31343a224d656e75416374696f6e4e616d65223b733a343a22416a6178223b733a31383a224d656e75416374696f6e46756e6374696f6e223b733a343a22616a6178223b733a31363a224d656e75416374696f6e5365676d656e223b733a31393a226d61737465722f646f6b756d656e2f616a6178223b7d693a33333b613a343a7b733a31303a224d656e754d6f64756c65223b733a31343a226d61737465722f446f6b756d656e223b733a31343a224d656e75416374696f6e4e616d65223b733a333a22416464223b733a31383a224d656e75416374696f6e46756e6374696f6e223b733a333a22616464223b733a31363a224d656e75416374696f6e5365676d656e223b733a31383a226d61737465722f646f6b756d656e2f616464223b7d693a33343b613a343a7b733a31303a224d656e754d6f64756c65223b733a31343a226d61737465722f446f6b756d656e223b733a31343a224d656e75416374696f6e4e616d65223b733a363a2244657461696c223b733a31383a224d656e75416374696f6e46756e6374696f6e223b733a363a2264657461696c223b733a31363a224d656e75416374696f6e5365676d656e223b733a32313a226d61737465722f646f6b756d656e2f64657461696c223b7d693a33353b613a343a7b733a31303a224d656e754d6f64756c65223b733a31343a226d61737465722f446f6b756d656e223b733a31343a224d656e75416374696f6e4e616d65223b733a363a22557064617465223b733a31383a224d656e75416374696f6e46756e6374696f6e223b733a363a22757064617465223b733a31363a224d656e75416374696f6e5365676d656e223b733a32313a226d61737465722f646f6b756d656e2f757064617465223b7d693a33363b613a343a7b733a31303a224d656e754d6f64756c65223b733a31343a226d61737465722f446f6b756d656e223b733a31343a224d656e75416374696f6e4e616d65223b733a31373a22427561742054616e64612054616e67616e223b733a31383a224d656e75416374696f6e46756e6374696f6e223b733a383a22736176655f706466223b733a31363a224d656e75416374696f6e5365676d656e223b733a32333a226d61737465722f646f6b756d656e2f736176655f706466223b7d7d757365725f7265616c5f6e616d657c733a31333a2241646d696e6973747261746f72223b69735f6c6f676765645f696e7c623a313b757365725f726f6c655f69647c733a313a2230223b757365725f756e69745f6b6f64657c733a313a2252223b757365725f756e69745f69647c733a313a2232223b757365725f756e69745f6e616d657c733a383a2252656b746f726174223b);
INSERT INTO `sys_sessions` (`id`, `ip_address`, `timestamp`, `data`) VALUES
('uol2nu686bdq94ufth8o6sqdlt3nkvsp', '::1', 1731561191, 0x5f5f63695f6c6173745f726567656e65726174657c693a313733313536303931303b757365725f69647c733a313a2231223b757365725f656d61696c7c733a303a22223b757365725f6e616d657c733a353a2261646d696e223b757365725f67726f75707c733a313a2230223b757365725f67726f75705f6e616d657c733a343a22526f6f74223b616e795f757365725f67726f75705f65786973747c4e3b6d656e755f70726976696c6567657c613a31303a7b693a34393b613a373a7b733a363a224d656e754964223b733a323a223439223b733a383a224d656e754e616d65223b733a373a22446f6b756d656e223b733a31323a224d656e75506172656e744964223b4e3b733a31303a224d656e754d6f64756c65223b4e3b733a31333a224d656e7549636f6e436c617373223b733a31303a2266612066612d626f6f6b223b733a393a224d656e754f72646572223b733a323a223130223b733a393a224d656e755374796c65223b4e3b7d693a31363b613a373a7b733a363a224d656e754964223b733a323a223136223b733a383a224d656e754e616d65223b733a31323a2254616e64612054616e67616e223b733a31323a224d656e75506172656e744964223b4e3b733a31303a224d656e754d6f64756c65223b4e3b733a31333a224d656e7549636f6e436c617373223b733a31343a2266612066612d6461746162617365223b733a393a224d656e754f72646572223b733a323a223230223b733a393a224d656e755374796c65223b4e3b7d693a313b613a373a7b733a363a224d656e754964223b733a313a2231223b733a383a224d656e754e616d65223b733a31373a2250656e6761747572616e2053697374656d223b733a31323a224d656e75506172656e744964223b4e3b733a31303a224d656e754d6f64756c65223b4e3b733a31333a224d656e7549636f6e436c617373223b733a31363a2266612d736f6c69642066612d67656172223b733a393a224d656e754f72646572223b733a323a223930223b733a393a224d656e755374796c65223b733a313a2231223b7d693a323b613a373a7b733a363a224d656e754964223b733a313a2232223b733a383a224d656e754e616d65223b733a343a22556e6974223b733a31323a224d656e75506172656e744964223b733a313a2231223b733a31303a224d656e754d6f64756c65223b733a31313a2273797374656d2f556e6974223b733a31333a224d656e7549636f6e436c617373223b733a303a22223b733a393a224d656e754f72646572223b733a323a223931223b733a393a224d656e755374796c65223b733a313a2231223b7d693a333b613a373a7b733a363a224d656e754964223b733a313a2233223b733a383a224d656e754e616d65223b733a353a2247726f7570223b733a31323a224d656e75506172656e744964223b733a313a2231223b733a31303a224d656e754d6f64756c65223b733a31323a2273797374656d2f47726f7570223b733a31333a224d656e7549636f6e436c617373223b733a303a22223b733a393a224d656e754f72646572223b733a323a223932223b733a393a224d656e755374796c65223b733a313a2231223b7d693a343b613a373a7b733a363a224d656e754964223b733a313a2234223b733a383a224d656e754e616d65223b733a343a2255736572223b733a31323a224d656e75506172656e744964223b733a313a2231223b733a31303a224d656e754d6f64756c65223b733a31313a2273797374656d2f55736572223b733a31333a224d656e7549636f6e436c617373223b733a303a22223b733a393a224d656e754f72646572223b733a323a223933223b733a393a224d656e755374796c65223b733a313a2231223b7d693a383b613a373a7b733a363a224d656e754964223b733a313a2238223b733a383a224d656e754e616d65223b733a363a22436f6e666967223b733a31323a224d656e75506172656e744964223b733a313a2231223b733a31303a224d656e754d6f64756c65223b733a31333a2273797374656d2f436f6e666967223b733a31333a224d656e7549636f6e436c617373223b733a303a22223b733a393a224d656e754f72646572223b733a323a223937223b733a393a224d656e755374796c65223b733a313a2231223b7d693a393b613a373a7b733a363a224d656e754964223b733a313a2239223b733a383a224d656e754e616d65223b733a31353a2247656e6572617465204d6f64756c65223b733a31323a224d656e75506172656e744964223b733a313a2231223b733a31303a224d656e754d6f64756c65223b733a31333a2273797374656d2f4d6f64756c65223b733a31333a224d656e7549636f6e436c617373223b733a303a22223b733a393a224d656e754f72646572223b733a323a223938223b733a393a224d656e755374796c65223b733a313a2230223b7d693a34373b613a373a7b733a363a224d656e754964223b733a323a223437223b733a383a224d656e754e616d65223b733a32303a2254616e64612054616e67616e204469676974616c223b733a31323a224d656e75506172656e744964223b733a323a223136223b733a31303a224d656e754d6f64756c65223b733a31383a2272656672656e73692f5369676e6174757265223b733a31333a224d656e7549636f6e436c617373223b733a303a22223b733a393a224d656e754f72646572223b733a323a223234223b733a393a224d656e755374796c65223b4e3b7d693a35303b613a373a7b733a363a224d656e754964223b733a323a223530223b733a383a224d656e754e616d65223b733a31343a22416a756b616e20446f6b756d656e223b733a31323a224d656e75506172656e744964223b733a323a223439223b733a31303a224d656e754d6f64756c65223b733a31343a226d61737465722f446f6b756d656e223b733a31333a224d656e7549636f6e436c617373223b733a303a22223b733a393a224d656e754f72646572223b733a323a223131223b733a393a224d656e755374796c65223b4e3b7d7d616374696f6e5f70726976696c6567657c613a33373a7b693a303b613a343a7b733a31303a224d656e754d6f64756c65223b4e3b733a31343a224d656e75416374696f6e4e616d65223b733a343a2256696577223b733a31383a224d656e75416374696f6e46756e6374696f6e223b4e3b733a31363a224d656e75416374696f6e5365676d656e223b733a303a22223b7d693a313b613a343a7b733a31303a224d656e754d6f64756c65223b4e3b733a31343a224d656e75416374696f6e4e616d65223b733a343a2256696577223b733a31383a224d656e75416374696f6e46756e6374696f6e223b4e3b733a31363a224d656e75416374696f6e5365676d656e223b733a303a22223b7d693a323b613a343a7b733a31303a224d656e754d6f64756c65223b4e3b733a31343a224d656e75416374696f6e4e616d65223b733a343a2256696577223b733a31383a224d656e75416374696f6e46756e6374696f6e223b733a353a22696e646578223b733a31363a224d656e75416374696f6e5365676d656e223b733a31373a2273797374656d2f686f6d652f696e646578223b7d693a333b613a343a7b733a31303a224d656e754d6f64756c65223b733a31313a2273797374656d2f556e6974223b733a31343a224d656e75416374696f6e4e616d65223b733a333a22416464223b733a31383a224d656e75416374696f6e46756e6374696f6e223b733a333a22616464223b733a31363a224d656e75416374696f6e5365676d656e223b733a31353a2273797374656d2f756e69742f616464223b7d693a343b613a343a7b733a31303a224d656e754d6f64756c65223b733a31313a2273797374656d2f556e6974223b733a31343a224d656e75416374696f6e4e616d65223b733a363a22557064617465223b733a31383a224d656e75416374696f6e46756e6374696f6e223b733a363a22757064617465223b733a31363a224d656e75416374696f6e5365676d656e223b733a31383a2273797374656d2f756e69742f757064617465223b7d693a353b613a343a7b733a31303a224d656e754d6f64756c65223b733a31313a2273797374656d2f556e6974223b733a31343a224d656e75416374696f6e4e616d65223b733a363a2244656c657465223b733a31383a224d656e75416374696f6e46756e6374696f6e223b733a363a2264656c657465223b733a31363a224d656e75416374696f6e5365676d656e223b733a31383a2273797374656d2f756e69742f64656c657465223b7d693a363b613a343a7b733a31303a224d656e754d6f64756c65223b733a31313a2273797374656d2f556e6974223b733a31343a224d656e75416374696f6e4e616d65223b733a343a2256696577223b733a31383a224d656e75416374696f6e46756e6374696f6e223b733a353a22696e646578223b733a31363a224d656e75416374696f6e5365676d656e223b733a31373a2273797374656d2f756e69742f696e646578223b7d693a373b613a343a7b733a31303a224d656e754d6f64756c65223b733a31323a2273797374656d2f47726f7570223b733a31343a224d656e75416374696f6e4e616d65223b733a343a22416a6178223b733a31383a224d656e75416374696f6e46756e6374696f6e223b733a343a22616a6178223b733a31363a224d656e75416374696f6e5365676d656e223b733a33343a2273797374656d2f67726f75702f646174617461626c65735f646174615f67726f7570223b7d693a383b613a343a7b733a31303a224d656e754d6f64756c65223b733a31323a2273797374656d2f47726f7570223b733a31343a224d656e75416374696f6e4e616d65223b733a343a2256696577223b733a31383a224d656e75416374696f6e46756e6374696f6e223b733a353a22696e646578223b733a31363a224d656e75416374696f6e5365676d656e223b733a31383a2273797374656d2f67726f75702f696e646578223b7d693a393b613a343a7b733a31303a224d656e754d6f64756c65223b733a31323a2273797374656d2f47726f7570223b733a31343a224d656e75416374696f6e4e616d65223b733a333a22416464223b733a31383a224d656e75416374696f6e46756e6374696f6e223b733a333a22616464223b733a31363a224d656e75416374696f6e5365676d656e223b733a31363a2273797374656d2f67726f75702f616464223b7d693a31303b613a343a7b733a31303a224d656e754d6f64756c65223b733a31323a2273797374656d2f47726f7570223b733a31343a224d656e75416374696f6e4e616d65223b733a363a22557064617465223b733a31383a224d656e75416374696f6e46756e6374696f6e223b733a363a22757064617465223b733a31363a224d656e75416374696f6e5365676d656e223b733a31393a2273797374656d2f67726f75702f757064617465223b7d693a31313b613a343a7b733a31303a224d656e754d6f64756c65223b733a31323a2273797374656d2f47726f7570223b733a31343a224d656e75416374696f6e4e616d65223b733a363a2244656c657465223b733a31383a224d656e75416374696f6e46756e6374696f6e223b733a363a2264656c657465223b733a31363a224d656e75416374696f6e5365676d656e223b733a31393a2273797374656d2f67726f75702f64656c657465223b7d693a31323b613a343a7b733a31303a224d656e754d6f64756c65223b733a31313a2273797374656d2f55736572223b733a31343a224d656e75416374696f6e4e616d65223b733a363a2244656c657465223b733a31383a224d656e75416374696f6e46756e6374696f6e223b733a363a2264656c657465223b733a31363a224d656e75416374696f6e5365676d656e223b733a31383a2273797374656d2f757365722f64656c657465223b7d693a31333b613a343a7b733a31303a224d656e754d6f64756c65223b733a31313a2273797374656d2f55736572223b733a31343a224d656e75416374696f6e4e616d65223b733a343a2256696577223b733a31383a224d656e75416374696f6e46756e6374696f6e223b733a353a22696e646578223b733a31363a224d656e75416374696f6e5365676d656e223b733a31373a2273797374656d2f757365722f696e646578223b7d693a31343b613a343a7b733a31303a224d656e754d6f64756c65223b733a31313a2273797374656d2f55736572223b733a31343a224d656e75416374696f6e4e616d65223b733a31353a22446174617461626c65732055736572223b733a31383a224d656e75416374696f6e46756e6374696f6e223b733a31353a22646174617461626c65735f75736572223b733a31363a224d656e75416374696f6e5365676d656e223b733a32373a2273797374656d2f757365722f646174617461626c65735f75736572223b7d693a31353b613a343a7b733a31303a224d656e754d6f64756c65223b733a31313a2273797374656d2f55736572223b733a31343a224d656e75416374696f6e4e616d65223b733a333a22416464223b733a31383a224d656e75416374696f6e46756e6374696f6e223b733a333a22616464223b733a31363a224d656e75416374696f6e5365676d656e223b733a31353a2273797374656d2f757365722f616464223b7d693a31363b613a343a7b733a31303a224d656e754d6f64756c65223b733a31313a2273797374656d2f55736572223b733a31343a224d656e75416374696f6e4e616d65223b733a363a22557064617465223b733a31383a224d656e75416374696f6e46756e6374696f6e223b733a363a22757064617465223b733a31363a224d656e75416374696f6e5365676d656e223b733a31383a2273797374656d2f757365722f757064617465223b7d693a31373b613a343a7b733a31303a224d656e754d6f64756c65223b733a31313a2273797374656d2f55736572223b733a31343a224d656e75416374696f6e4e616d65223b733a363a2244657461696c223b733a31383a224d656e75416374696f6e46756e6374696f6e223b733a363a2264657461696c223b733a31363a224d656e75416374696f6e5365676d656e223b733a31383a2273797374656d2f757365722f64657461696c223b7d693a31383b613a343a7b733a31303a224d656e754d6f64756c65223b733a31333a2273797374656d2f436f6e666967223b733a31343a224d656e75416374696f6e4e616d65223b733a343a2256696577223b733a31383a224d656e75416374696f6e46756e6374696f6e223b733a353a22696e646578223b733a31363a224d656e75416374696f6e5365676d656e223b733a31393a2273797374656d2f636f6e6669672f696e646578223b7d693a31393b613a343a7b733a31303a224d656e754d6f64756c65223b733a31333a2273797374656d2f436f6e666967223b733a31343a224d656e75416374696f6e4e616d65223b733a343a22416a6178223b733a31383a224d656e75416374696f6e46756e6374696f6e223b733a343a22616a6178223b733a31363a224d656e75416374696f6e5365676d656e223b733a31383a2273797374656d2f636f6e6669672f616a6178223b7d693a32303b613a343a7b733a31303a224d656e754d6f64756c65223b733a31333a2273797374656d2f436f6e666967223b733a31343a224d656e75416374696f6e4e616d65223b733a363a22557064617465223b733a31383a224d656e75416374696f6e46756e6374696f6e223b733a363a22757064617465223b733a31363a224d656e75416374696f6e5365676d656e223b733a32303a2273797374656d2f636f6e6669672f757064617465223b7d693a32313b613a343a7b733a31303a224d656e754d6f64756c65223b733a31333a2273797374656d2f4d6f64756c65223b733a31343a224d656e75416374696f6e4e616d65223b733a333a22416464223b733a31383a224d656e75416374696f6e46756e6374696f6e223b733a333a22616464223b733a31363a224d656e75416374696f6e5365676d656e223b733a303a22223b7d693a32323b613a343a7b733a31303a224d656e754d6f64756c65223b733a31333a2273797374656d2f4d6f64756c65223b733a31343a224d656e75416374696f6e4e616d65223b733a363a22557064617465223b733a31383a224d656e75416374696f6e46756e6374696f6e223b733a363a22757064617465223b733a31363a224d656e75416374696f6e5365676d656e223b733a303a22223b7d693a32333b613a343a7b733a31303a224d656e754d6f64756c65223b733a31333a2273797374656d2f4d6f64756c65223b733a31343a224d656e75416374696f6e4e616d65223b733a363a2244656c657465223b733a31383a224d656e75416374696f6e46756e6374696f6e223b733a363a2264656c657465223b733a31363a224d656e75416374696f6e5365676d656e223b733a303a22223b7d693a32343b613a343a7b733a31303a224d656e754d6f64756c65223b733a31333a2273797374656d2f4d6f64756c65223b733a31343a224d656e75416374696f6e4e616d65223b733a343a2256696577223b733a31383a224d656e75416374696f6e46756e6374696f6e223b733a353a22696e646578223b733a31363a224d656e75416374696f6e5365676d656e223b733a303a22223b7d693a32353b613a343a7b733a31303a224d656e754d6f64756c65223b733a31383a2272656672656e73692f5369676e6174757265223b733a31343a224d656e75416374696f6e4e616d65223b733a363a2244656c657465223b733a31383a224d656e75416374696f6e46756e6374696f6e223b733a363a2264656c657465223b733a31363a224d656e75416374696f6e5365676d656e223b733a32353a2272656672656e73692f7369676e61747572652f64656c657465223b7d693a32363b613a343a7b733a31303a224d656e754d6f64756c65223b733a31383a2272656672656e73692f5369676e6174757265223b733a31343a224d656e75416374696f6e4e616d65223b733a343a2256696577223b733a31383a224d656e75416374696f6e46756e6374696f6e223b733a353a22696e646578223b733a31363a224d656e75416374696f6e5365676d656e223b733a32343a2272656672656e73692f7369676e61747572652f696e646578223b7d693a32373b613a343a7b733a31303a224d656e754d6f64756c65223b733a31383a2272656672656e73692f5369676e6174757265223b733a31343a224d656e75416374696f6e4e616d65223b733a343a22416a6178223b733a31383a224d656e75416374696f6e46756e6374696f6e223b733a343a22616a6178223b733a31363a224d656e75416374696f6e5365676d656e223b733a32333a2272656672656e73692f7369676e61747572652f616a6178223b7d693a32383b613a343a7b733a31303a224d656e754d6f64756c65223b733a31383a2272656672656e73692f5369676e6174757265223b733a31343a224d656e75416374696f6e4e616d65223b733a333a22416464223b733a31383a224d656e75416374696f6e46756e6374696f6e223b733a333a22616464223b733a31363a224d656e75416374696f6e5365676d656e223b733a32323a2272656672656e73692f7369676e61747572652f616464223b7d693a32393b613a343a7b733a31303a224d656e754d6f64756c65223b733a31383a2272656672656e73692f5369676e6174757265223b733a31343a224d656e75416374696f6e4e616d65223b733a363a22557064617465223b733a31383a224d656e75416374696f6e46756e6374696f6e223b733a363a22757064617465223b733a31363a224d656e75416374696f6e5365676d656e223b733a32353a2272656672656e73692f7369676e61747572652f757064617465223b7d693a33303b613a343a7b733a31303a224d656e754d6f64756c65223b733a31343a226d61737465722f446f6b756d656e223b733a31343a224d656e75416374696f6e4e616d65223b733a343a2256696577223b733a31383a224d656e75416374696f6e46756e6374696f6e223b733a353a22696e646578223b733a31363a224d656e75416374696f6e5365676d656e223b733a32303a226d61737465722f646f6b756d656e2f696e646578223b7d693a33313b613a343a7b733a31303a224d656e754d6f64756c65223b733a31343a226d61737465722f446f6b756d656e223b733a31343a224d656e75416374696f6e4e616d65223b733a343a22416a6178223b733a31383a224d656e75416374696f6e46756e6374696f6e223b733a343a22616a6178223b733a31363a224d656e75416374696f6e5365676d656e223b733a31393a226d61737465722f646f6b756d656e2f616a6178223b7d693a33323b613a343a7b733a31303a224d656e754d6f64756c65223b733a31343a226d61737465722f446f6b756d656e223b733a31343a224d656e75416374696f6e4e616d65223b733a333a22416464223b733a31383a224d656e75416374696f6e46756e6374696f6e223b733a333a22616464223b733a31363a224d656e75416374696f6e5365676d656e223b733a31383a226d61737465722f646f6b756d656e2f616464223b7d693a33333b613a343a7b733a31303a224d656e754d6f64756c65223b733a31343a226d61737465722f446f6b756d656e223b733a31343a224d656e75416374696f6e4e616d65223b733a363a2244657461696c223b733a31383a224d656e75416374696f6e46756e6374696f6e223b733a363a2264657461696c223b733a31363a224d656e75416374696f6e5365676d656e223b733a32313a226d61737465722f646f6b756d656e2f64657461696c223b7d693a33343b613a343a7b733a31303a224d656e754d6f64756c65223b733a31343a226d61737465722f446f6b756d656e223b733a31343a224d656e75416374696f6e4e616d65223b733a363a22557064617465223b733a31383a224d656e75416374696f6e46756e6374696f6e223b733a363a22757064617465223b733a31363a224d656e75416374696f6e5365676d656e223b733a32313a226d61737465722f646f6b756d656e2f757064617465223b7d693a33353b613a343a7b733a31303a224d656e754d6f64756c65223b733a31343a226d61737465722f446f6b756d656e223b733a31343a224d656e75416374696f6e4e616d65223b733a31373a22427561742054616e64612054616e67616e223b733a31383a224d656e75416374696f6e46756e6374696f6e223b733a383a22736176655f706466223b733a31363a224d656e75416374696f6e5365676d656e223b733a32333a226d61737465722f646f6b756d656e2f736176655f706466223b7d693a33363b613a343a7b733a31303a224d656e754d6f64756c65223b733a31343a226d61737465722f446f6b756d656e223b733a31343a224d656e75416374696f6e4e616d65223b733a363a2244656c657465223b733a31383a224d656e75416374696f6e46756e6374696f6e223b733a363a2264656c657465223b733a31363a224d656e75416374696f6e5365676d656e223b733a32313a226d61737465722f646f6b756d656e2f64656c657465223b7d7d757365725f7265616c5f6e616d657c733a31333a2241646d696e6973747261746f72223b69735f6c6f676765645f696e7c623a313b757365725f726f6c655f69647c733a313a2230223b757365725f756e69745f6b6f64657c733a313a2252223b757365725f756e69745f69647c733a313a2232223b757365725f756e69745f6e616d657c733a383a2252656b746f726174223b);

-- --------------------------------------------------------

--
-- Struktur dari tabel `sys_syncron`
--

CREATE TABLE `sys_syncron` (
  `SyncronId` int(11) NOT NULL,
  `SyncronTime` datetime DEFAULT NULL,
  `SyncronQuery` text DEFAULT NULL,
  `SyncronIsDone` enum('0','1') DEFAULT '0',
  `SyncronUnitId` int(11) DEFAULT NULL,
  `SyncronUser` varchar(11) DEFAULT NULL
) ENGINE=InnoDB DEFAULT CHARSET=latin1;

-- --------------------------------------------------------

--
-- Struktur dari tabel `sys_unit`
--

CREATE TABLE `sys_unit` (
  `UnitId` int(11) NOT NULL,
  `UnitParent` int(11) DEFAULT 0,
  `UnitKode` varchar(20) DEFAULT NULL,
  `UnitName` varchar(150) DEFAULT NULL,
  `UnitDescription` varchar(255) DEFAULT NULL,
  `UnitPimpinan` varchar(250) DEFAULT NULL COMMENT 'nama pimpinan beserta gelar lengkap',
  `UnitNoWA` varchar(100) DEFAULT NULL COMMENT 'format nomer WA',
  `UnitEmail` varchar(250) DEFAULT NULL,
  `UnitAddUser` varchar(255) DEFAULT NULL,
  `UnitAddTime` datetime DEFAULT NULL,
  `UnitUpdateUser` varchar(255) DEFAULT NULL,
  `UnitUpdateTime` datetime DEFAULT NULL
) ENGINE=InnoDB DEFAULT CHARSET=latin1;

--
-- Dumping data untuk tabel `sys_unit`
--

INSERT INTO `sys_unit` (`UnitId`, `UnitParent`, `UnitKode`, `UnitName`, `UnitDescription`, `UnitPimpinan`, `UnitNoWA`, `UnitEmail`, `UnitAddUser`, `UnitAddTime`, `UnitUpdateUser`, `UnitUpdateTime`) VALUES
(2, 0, 'R', 'Rektorat', NULL, NULL, NULL, NULL, 'admin', '2015-10-12 10:05:21', 'admin', '2024-07-30 11:15:40'),
(3, 2, 'U4', 'Badan Penjamin Mutu (BPM)', NULL, NULL, NULL, NULL, 'admin', '2015-10-12 10:05:21', 'admin', '2024-07-30 11:22:39'),
(4, 2, 'U6', 'Biro Akademik dan Admisi (BAA)', NULL, NULL, NULL, NULL, 'admin', '2016-03-05 18:19:20', 'admin', '2024-07-30 11:17:11'),
(5, 2, 'U7', 'Biro Sumber Daya Manusia (BSDM)', NULL, NULL, NULL, NULL, 'admin', '2017-09-30 21:53:35', 'admin', '2024-07-30 11:18:10'),
(7, 2, 'U10', 'Biro Kemahasiswaan dan Alumni (BIMAWA)', NULL, NULL, NULL, NULL, '60010346', '2019-02-20 10:26:20', 'admin', '2024-07-30 11:18:48'),
(8, 2, 'U1', 'Kantor Universitas', NULL, NULL, NULL, NULL, '60010346', '2019-02-27 13:56:23', 'admin', '2024-07-30 11:19:10'),
(9, 2, 'U2', 'Kantor Kerja Sama dan Urusan Internasional (KKUI)', NULL, NULL, NULL, NULL, '60010346', '2019-03-08 08:11:37', 'admin', '2024-07-30 11:20:05'),
(10, 2, 'U9', 'Biro Sarana dan Prasarana (BSP)', NULL, NULL, NULL, NULL, 'admin', '2013-07-04 10:42:48', 'admin', '2024-07-30 11:23:57'),
(11, 2, 'U11', 'Biro Sistem Informasi (BSI)', NULL, NULL, NULL, NULL, NULL, NULL, 'admin', '2024-07-30 11:22:59'),
(14, 2, 'U8', 'Biro Keuangan dan Anggaran (BKA)', NULL, NULL, NULL, NULL, 'admin', '2023-10-24 10:05:37', 'admin', '2024-07-30 11:24:36'),
(16, 2, 'U5', 'Badan Perencanaan dan Pengembangan Universitas', NULL, NULL, NULL, NULL, NULL, NULL, 'admin', '2024-07-30 11:25:25');

-- --------------------------------------------------------

--
-- Struktur dari tabel `sys_user`
--

CREATE TABLE `sys_user` (
  `UserId` int(11) NOT NULL,
  `UserRealName` varchar(250) DEFAULT NULL,
  `UserName` varchar(150) DEFAULT NULL,
  `UserEmail` varchar(150) DEFAULT NULL,
  `UserPassword` varchar(80) DEFAULT NULL,
  `UserSalt` varchar(10) DEFAULT NULL,
  `UserKey` varchar(100) DEFAULT NULL,
  `UserFoto` varchar(250) DEFAULT NULL,
  `UserIsActive` enum('1','0') DEFAULT '1',
  `UserUnitId` int(11) DEFAULT NULL,
  `UserRoleId` tinyint(4) DEFAULT NULL,
  `UserBanned` tinyint(1) DEFAULT 0,
  `UserBanText` text DEFAULT NULL,
  `UserNewEmail` varchar(100) DEFAULT NULL,
  `UserNewEmailKey` varchar(50) DEFAULT NULL,
  `UserLastIp` varchar(45) DEFAULT NULL,
  `UserLastLogin` datetime DEFAULT NULL,
  `UserPassUpdatedUser` varchar(255) DEFAULT NULL,
  `UserPassUpdatedTime` datetime DEFAULT NULL,
  `UserAddUser` varchar(255) DEFAULT NULL,
  `UserAddTime` datetime DEFAULT NULL,
  `UserUpdateUser` varchar(255) DEFAULT NULL,
  `UserUpdateTime` datetime DEFAULT NULL
) ENGINE=InnoDB DEFAULT CHARSET=latin1 CHECKSUM=1 DELAY_KEY_WRITE=1 ROW_FORMAT=DYNAMIC;

--
-- Dumping data untuk tabel `sys_user`
--

INSERT INTO `sys_user` (`UserId`, `UserRealName`, `UserName`, `UserEmail`, `UserPassword`, `UserSalt`, `UserKey`, `UserFoto`, `UserIsActive`, `UserUnitId`, `UserRoleId`, `UserBanned`, `UserBanText`, `UserNewEmail`, `UserNewEmailKey`, `UserLastIp`, `UserLastLogin`, `UserPassUpdatedUser`, `UserPassUpdatedTime`, `UserAddUser`, `UserAddTime`, `UserUpdateUser`, `UserUpdateTime`) VALUES
(1, 'Administrator', 'admin', '', '20sqgUiJ81mJRLHPzgIgIU7qR8VkOWE3YjIzNGU4', 'd9a7b234e8', '4g0swccwg8gsg4c8w0cok4ssgwscgcgooogw8ko0', 'admin.png', '1', 2, 0, 0, NULL, NULL, NULL, '::1', '2024-11-14 12:08:56', 'admin', '2019-11-22 09:08:43', 'root', '2013-07-04 10:43:46', 'admin', '2024-04-29 09:20:39'),
(2, 'Biskom', 'biskom', 'biskom@uad.ac.id', 'MHYD2Tuj6sJ2Nwh7E5u6Dztb0lk4MzkyNTkwZWQ4', '8392590ed8', NULL, NULL, '1', 3, 0, 0, NULL, NULL, NULL, '172.10.40.186', '2022-06-07 08:34:17', NULL, '2022-06-07 08:33:37', 'admin', '2015-12-29 14:05:38', 'admin', '2016-02-23 17:18:47'),
(3, 'Bifas UAD', 'bifas', NULL, 'yIp2IIAul+vtvj4PFQjJX4lIrjAzOTg1MTlkZjI4', '398519df28', NULL, NULL, '1', 10, 0, 0, NULL, NULL, NULL, '10.255.24.186', '2023-10-20 07:59:55', NULL, '2019-02-20 10:16:07', 'admin', '2016-01-12 08:53:23', 'admin', '2016-01-12 08:53:35'),
(4, 'Sri Winarto', '60020419', NULL, 'KZyAFddtEIawzU0M6du+fAre7OcwMGRjNDQ0OWQ5', '00dc4449d9', NULL, NULL, '1', 2, 0, 0, NULL, NULL, NULL, '10.2.3.10', '2023-07-22 02:13:47', '60020419', '2018-12-22 10:52:24', 'admin', '2016-01-27 17:59:36', 'admin', '2018-12-22 10:48:13'),
(6, 'Lily', '60010346', NULL, 'LTmccNfsNfUf9kme93zEjCKCYfYwYzk0OWI3Nzhl', '0c949b778e', NULL, NULL, '1', 2, 0, 0, NULL, NULL, NULL, '10.2.3.12', '2023-10-20 08:02:41', NULL, '2016-02-11 19:19:42', 'admin', '2016-02-11 19:06:39', 'admin', '2016-02-11 19:07:58'),
(8, 'Saryanto', '60010297', 'sary.yanto@gmail.com', 'HzZ5qReVzE8j48zFLeL0uN5ZZzM4Mjk5MjgyNDlk', '829928249d', NULL, NULL, '1', 2, 0, 0, NULL, NULL, NULL, '172.16.10.31', '2023-10-19 10:59:48', NULL, '2019-02-27 14:26:36', 'admin', '2016-02-16 22:01:44', NULL, NULL),
(9, 'eddy irawan', 'eddyoke', NULL, '+bG8nEN3LvBL9IO3/+9HBS+Hsiw3ZDY3MjhjZDZh', '7d6728cd6a', NULL, NULL, '1', 4, 0, 0, NULL, NULL, NULL, '172.10.154.69', '2016-03-05 07:26:18', NULL, NULL, 'admin', '2016-03-05 18:21:00', 'admin', '2016-03-05 18:22:44'),
(10, 'PKL 1', 'PKL_SMK', NULL, 'B0D1fisghfPGiGT7Kqdw3Yekmzk4ZGEwMmU0NGJi', '8da02e44bb', NULL, NULL, '1', 2, 0, 0, NULL, NULL, NULL, '172.10.6.20', '2020-03-02 08:54:38', NULL, '2020-01-07 09:54:38', '60020419', '2017-01-21 18:22:29', '60010346', '2019-02-28 10:42:42'),
(11, 'Exm Staff', 'staff', NULL, 'etZry1dFonxeRZpFfr0VJ6+zi+s3ZDQ5NjY3M2M0', '7d496673c4', NULL, NULL, '1', 8, 0, 0, NULL, NULL, NULL, '127.0.0.1', '2024-08-21 11:27:51', NULL, '2019-02-27 14:11:53', '60020419', '2017-01-21 18:23:07', '60020419', '2019-02-28 13:44:51'),
(13, 'FAJAR YUDASWATANA', '60120680', NULL, 'IzE2+Sxr3ueYkmV+vLPbKxdvbm4xZGI2MzNlMzEx', '1db633e311', NULL, NULL, '1', 10, 0, 0, NULL, NULL, NULL, '10.1.7.212', '2021-03-03 02:23:41', NULL, NULL, 'admin', '2017-09-30 21:52:52', NULL, NULL),
(14, NULL, 'baa uad', NULL, 'hRr/pD8vub4RVoYOmEDA53w2ZQcwZGE0MzZiNGM2', '0da436b4c6', NULL, NULL, '1', 4, 0, 0, NULL, NULL, NULL, '172.16.12.82', '2023-10-19 09:34:47', NULL, NULL, '60010346', '2019-02-20 10:28:42', NULL, NULL),
(15, 'BIMAWA UAD', 'bimawa', NULL, 'gm3gS3KjjqKbk4lUuyug6yQdceAyYWE2OThmNDI4', '2aa698f428', NULL, NULL, '1', 7, 0, 0, NULL, NULL, NULL, '172.16.9.37', '2023-10-19 11:07:49', NULL, '2019-03-08 08:55:34', '60010346', '2019-02-20 10:31:10', NULL, NULL),
(16, 'Prakerin UAD', 'Prakerin', NULL, 'p+ODS8G29l53lLDX9zDmGx7V9YdlN2IzN2QyYTJk', 'e7b37d2a2d', NULL, NULL, '1', 2, 0, 0, NULL, NULL, NULL, '172.10.6.250', '2021-12-30 10:44:19', NULL, '2021-12-29 10:21:42', '60010346', '2019-02-27 13:57:41', '60010346', '2021-12-29 10:23:03'),
(17, 'Rektorat UAD', 'rektorat', 'rektorat@uad.ac.id', 'N96I0OzWhdSho89EJRNFW+vAJfdjM2YzZTk5Y2Q1', 'c3f3e99cd5', NULL, NULL, '1', 2, 0, 0, NULL, NULL, NULL, '10.2.3.13', '2023-10-19 12:50:31', NULL, NULL, '60020419', '2019-02-27 16:18:54', NULL, NULL),
(18, 'KUI UAD', 'kuiuad', NULL, 'vgcvc4+ibfzm5v0u0ITk23i1U8xiZmZlZTVjNWYx', 'bffee5c5f1', NULL, NULL, '1', 9, 0, 0, NULL, NULL, NULL, '10.2.20.27', '2023-10-20 07:36:03', NULL, NULL, '60010346', '2019-03-08 08:12:42', NULL, NULL),
(19, 'Farid Ahmad', 'faridahmad', 'faridahmad@uad.ac.id', '9FvGmeYU82fjiarS8E2M1Nqg2mExMDU3NzIyOTZl', '105772296e', NULL, NULL, '1', 3, 0, 0, NULL, NULL, NULL, '172.10.154.254', '2019-03-08 02:53:39', NULL, NULL, 'admin', '2019-03-08 14:53:28', NULL, NULL),
(20, 'Utari Aryani', '60171025', NULL, '/dSyAmm+ST8zFAQoONbdlSoAfi44NjA3MDIwYWEy', '8607020aa2', NULL, NULL, '1', 2, 0, 0, NULL, NULL, NULL, '172.10.6.128', '2019-11-27 12:56:50', NULL, NULL, '60010346', '2019-11-22 09:03:07', NULL, NULL),
(21, 'M. Akhsan', 'akhsan', NULL, 'GhUROCE6Zb21gFm8tAWaeE8A2GM1MGUzNDMzMzNj', '50e343333c', NULL, NULL, '1', 2, 0, 0, NULL, NULL, NULL, '127.0.0.1', '2024-08-19 01:35:22', NULL, NULL, 'admin', '2019-11-22 09:10:01', NULL, NULL),
(22, 'Muh. Sukri', 'muh.sukri', NULL, 'YIUcM9nHVl+1FzvLB41VI24BOIw4NTUxMDFjNzZj', '855101c76c', NULL, NULL, '1', 2, 0, 0, NULL, NULL, NULL, '172.10.6.250', '2021-12-29 10:20:31', NULL, '2021-12-29 10:19:24', '60010346', '2021-07-28 12:46:14', NULL, NULL),
(23, 'BSI', 'bsiuad', 'bsi@uad.ac.id', 'etZry1dFonxeRZpFfr0VJ6+zi+s3ZDQ5NjY3M2M0', '7d496673c4', NULL, NULL, '1', 11, 3, 0, NULL, NULL, NULL, '127.0.0.1', '2024-08-21 10:33:14', NULL, NULL, 'admin', '2022-10-19 14:41:18', 'admin', '2024-07-20 08:53:48'),
(24, 'BSI Pengembangan Sistem', 'bsi_web', 'bsi2@uad.ac.id', 'MV8Ys7MNaiDgQshwanuTswtrGEIwYjkzZmMwOGRk', '0b93fc08dd', NULL, NULL, '1', 14, NULL, 0, NULL, NULL, NULL, '::1', '2024-07-16 12:35:29', NULL, NULL, NULL, '2024-05-02 11:14:27', 'admin', '2024-07-08 08:08:46'),
(40, 'Prof. Dr. Muchlas, M.T.', 'rektor', '', 'dTmRLzu+KAeB7/sWWNErTgRmTE01YzE2MzcwZDBj', '5c16370d0c', NULL, NULL, '1', 2, NULL, 0, NULL, NULL, NULL, '::1', '2024-07-29 09:47:23', NULL, NULL, NULL, '2024-05-07 10:36:39', NULL, NULL),
(41, 'Dr. Norma Sari, S.H., M.Hum.', 'wr_sdm', '', '4qrzhPO8GDNYs6Dy0ZLQW5c9tYljMWM3ZDRmMjQz', 'c1c7d4f243', NULL, NULL, '1', 2, NULL, 0, NULL, NULL, NULL, NULL, NULL, NULL, NULL, NULL, '2024-05-07 10:53:30', NULL, NULL),
(42, 'cek', 'coba', '', 'FaVjX6uj+sbULCVoFLOCog7ezNEyNTc0MGRlNjAz', '25740de603', NULL, NULL, '1', 4, NULL, 0, NULL, NULL, NULL, NULL, NULL, NULL, NULL, NULL, '2024-05-08 11:05:04', NULL, NULL),
(43, 'Dr. Nur Kholis S.Ag., M.Ag.', 'wr_aik', '', 'etZry1dFonxeRZpFfr0VJ6+zi+s3ZDQ5NjY3M2M0', '7d496673c4', NULL, NULL, '1', 2, NULL, 0, NULL, NULL, NULL, '127.0.0.1', '2024-08-21 01:05:10', NULL, NULL, NULL, '2024-05-08 11:06:12', NULL, NULL),
(44, 'Prof. Sunardi S.T., M.T.,Ph.D.', 'wr_akademik', '', 'ihPbm23sjA7q0CvQ5UTvUivXZlM0ZTBjZjc5ZWJk', '4e0cf79ebd', NULL, NULL, '1', 2, NULL, 0, NULL, NULL, NULL, NULL, NULL, NULL, NULL, NULL, '2024-05-08 11:06:57', NULL, NULL),
(45, 'Dr. Gatot Sugiharto S.H., M.H.', 'wr_mahasiswa', '', '55PiR2Co8+bF4AQxGFjpv+UNhm4zZTkwOGJhYmMw', '3e908babc0', NULL, NULL, '1', 2, NULL, 0, NULL, NULL, NULL, NULL, NULL, NULL, NULL, NULL, '2024-05-08 11:07:56', NULL, NULL),
(46, 'Utik Bidayati, S.E., M.M.', 'wr_kui', '', '4Y3f4CqIGU7MDzWOGxBabi0X4/cxOTBlZjUyNjE2', '190ef52616', NULL, NULL, '1', 2, NULL, 0, NULL, NULL, NULL, NULL, NULL, NULL, NULL, NULL, '2024-05-08 11:08:21', NULL, NULL),
(47, 'Dr. Dody Hartanto S.Pd., M.Pd.', 'kantor', '', 'R2YjqiuQbCwGS2njtyxIK1AHJR85MTZhMWNhNGVi', '916a1ca4eb', NULL, NULL, '1', 8, 2, 0, NULL, NULL, NULL, '10.0.57.109', '2024-08-03 07:36:42', NULL, NULL, NULL, '2024-05-08 11:09:45', 'admin', '2024-08-03 07:36:33'),
(48, 'Kantor Universitas', 'kantor_univ', 'kantor_univ@uad.ac.id', 'etZry1dFonxeRZpFfr0VJ6+zi+s3ZDQ5NjY3M2M0', '7d496673c4', NULL, NULL, '1', 8, 4, 0, NULL, NULL, NULL, '127.0.0.1', '2024-08-22 08:21:07', NULL, NULL, NULL, '2024-06-22 03:36:56', 'admin', '2024-07-19 08:13:29'),
(50, 'Testing Sistem', 'Tesing', 'testing@gmail.com', 'b6oVWdsZlEdZSIKzJBK8dvYWqhU2OTM2NTMxMDhk', '693653108d', NULL, NULL, '1', 10, 0, 0, NULL, NULL, NULL, NULL, NULL, NULL, NULL, NULL, '2024-07-31 11:27:30', 'admin', '2024-08-01 10:44:42'),
(51, 'Sri Winarto', 'winarto', 'winarto@uad.id', 'K6L/3muMQdObSeAjvdkTlaWoMpc0NGJhZDMwNzFj', '44bad3071c', NULL, NULL, '1', 8, 2, 0, NULL, NULL, NULL, '10.24.5.138', '2024-08-06 08:32:44', NULL, NULL, NULL, '2024-08-03 07:38:43', NULL, NULL);

-- --------------------------------------------------------

--
-- Struktur dari tabel `sys_user_autologin`
--

CREATE TABLE `sys_user_autologin` (
  `key_id` char(32) COLLATE utf8_bin NOT NULL,
  `user_id` int(11) NOT NULL DEFAULT 0,
  `user_agent` varchar(150) COLLATE utf8_bin NOT NULL,
  `last_ip` varchar(40) COLLATE utf8_bin NOT NULL,
  `last_login` timestamp NOT NULL DEFAULT current_timestamp() ON UPDATE current_timestamp()
) ENGINE=InnoDB DEFAULT CHARSET=utf8 COLLATE=utf8_bin;

-- --------------------------------------------------------

--
-- Struktur dari tabel `sys_user_group`
--

CREATE TABLE `sys_user_group` (
  `UserGroupId` int(11) NOT NULL,
  `UserGroupUserId` int(11) NOT NULL,
  `UserGroupGroupId` int(11) NOT NULL,
  `UserGroupIsDefault` enum('Ya','Tidak') DEFAULT 'Tidak'
) ENGINE=InnoDB DEFAULT CHARSET=latin1;

--
-- Dumping data untuk tabel `sys_user_group`
--

INSERT INTO `sys_user_group` (`UserGroupId`, `UserGroupUserId`, `UserGroupGroupId`, `UserGroupIsDefault`) VALUES
(1, 1, 0, 'Ya');

--
-- Indexes for dumped tables
--

--
-- Indeks untuk tabel `dokumen`
--
ALTER TABLE `dokumen`
  ADD PRIMARY KEY (`dokId`,`dokJnsId`),
  ADD KEY `dokJnsId` (`dokJnsId`),
  ADD KEY `dokumen_ibfk_2` (`dokUsrTtd`);

--
-- Indeks untuk tabel `dokumen_paraf`
--
ALTER TABLE `dokumen_paraf`
  ADD PRIMARY KEY (`dokprId`),
  ADD UNIQUE KEY `dokprDokId` (`dokprDokId`,`dokprPjbId`),
  ADD KEY `dokprPjbId` (`dokprPjbId`);

--
-- Indeks untuk tabel `dokumen_penandatangan`
--
ALTER TABLE `dokumen_penandatangan`
  ADD PRIMARY KEY (`dokttdId`),
  ADD UNIQUE KEY `dokttdDokId` (`dokttdDokId`,`dokttdPjbId`),
  ADD KEY `dokttdPjbId` (`dokttdPjbId`);

--
-- Indeks untuk tabel `pejabat_ref`
--
ALTER TABLE `pejabat_ref`
  ADD PRIMARY KEY (`pjbId`),
  ADD KEY `FK_pjb_user` (`pjbUserId`);

--
-- Indeks untuk tabel `ref_dokumen_jenis`
--
ALTER TABLE `ref_dokumen_jenis`
  ADD PRIMARY KEY (`jnsId`);

--
-- Indeks untuk tabel `sys_backup_app`
--
ALTER TABLE `sys_backup_app`
  ADD PRIMARY KEY (`BackupId`);

--
-- Indeks untuk tabel `sys_backup_db`
--
ALTER TABLE `sys_backup_db`
  ADD PRIMARY KEY (`BackupId`);

--
-- Indeks untuk tabel `sys_captcha`
--
ALTER TABLE `sys_captcha`
  ADD PRIMARY KEY (`captcha_id`),
  ADD KEY `word` (`word`);

--
-- Indeks untuk tabel `sys_config`
--
ALTER TABLE `sys_config`
  ADD PRIMARY KEY (`ConfigId`),
  ADD UNIQUE KEY `NewIndex1a` (`ConfigCode`,`ConfigUnitId`),
  ADD KEY `FK_ci_config` (`ConfigUnitId`);

--
-- Indeks untuk tabel `sys_group`
--
ALTER TABLE `sys_group`
  ADD PRIMARY KEY (`GroupId`),
  ADD UNIQUE KEY `NewIndex1a` (`GroupName`),
  ADD KEY `NewIndex1as` (`GroupDescription`);

--
-- Indeks untuk tabel `sys_group_detail`
--
ALTER TABLE `sys_group_detail`
  ADD PRIMARY KEY (`GroupDetailMenuActionId`,`GroupDetailGroupId`),
  ADD KEY `FK_ci_group_menu_dummy_menu` (`GroupDetailMenuActionId`),
  ADD KEY `FK_ci_group_menu_aksi` (`GroupDetailGroupId`),
  ADD KEY `FK_ci_group_menu_aksi_add_user` (`GroupDetailAddUser`),
  ADD KEY `FK_ci_group_menu_aksi_update_user` (`GroupDetailUpdateUser`);

--
-- Indeks untuk tabel `sys_log`
--
ALTER TABLE `sys_log`
  ADD PRIMARY KEY (`LogId`),
  ADD KEY `FK_ci_log` (`LogUserId`),
  ADD KEY `NewIndex1` (`LogActivities`);

--
-- Indeks untuk tabel `sys_login_attempts`
--
ALTER TABLE `sys_login_attempts`
  ADD PRIMARY KEY (`id`);

--
-- Indeks untuk tabel `sys_menu`
--
ALTER TABLE `sys_menu`
  ADD PRIMARY KEY (`MenuId`),
  ADD UNIQUE KEY `NewIndex12` (`MenuParentId`,`MenuName`);

--
-- Indeks untuk tabel `sys_menu_action`
--
ALTER TABLE `sys_menu_action`
  ADD PRIMARY KEY (`MenuActionId`),
  ADD UNIQUE KEY `NewIndex1` (`MenuActionMenuId`,`MenuActionActionId`),
  ADD KEY `FK_ci_dummy_menu_aksi` (`MenuActionMenuId`),
  ADD KEY `FK_ci_dummy_menu_aksi_aksi` (`MenuActionActionId`);

--
-- Indeks untuk tabel `sys_notif`
--
ALTER TABLE `sys_notif`
  ADD PRIMARY KEY (`NotifId`);

--
-- Indeks untuk tabel `sys_role`
--
ALTER TABLE `sys_role`
  ADD PRIMARY KEY (`roleId`);

--
-- Indeks untuk tabel `sys_sessions`
--
ALTER TABLE `sys_sessions`
  ADD KEY `ci_sessions_timestamp` (`timestamp`);

--
-- Indeks untuk tabel `sys_syncron`
--
ALTER TABLE `sys_syncron`
  ADD PRIMARY KEY (`SyncronId`),
  ADD KEY `NewIndex1` (`SyncronIsDone`,`SyncronUnitId`),
  ADD KEY `FK_sys_syncron` (`SyncronUnitId`);

--
-- Indeks untuk tabel `sys_unit`
--
ALTER TABLE `sys_unit`
  ADD PRIMARY KEY (`UnitId`),
  ADD UNIQUE KEY `NewIndex1` (`UnitName`),
  ADD KEY `NewIndex1s` (`UnitDescription`);

--
-- Indeks untuk tabel `sys_user`
--
ALTER TABLE `sys_user`
  ADD PRIMARY KEY (`UserId`),
  ADD UNIQUE KEY `NewIndex1` (`UserName`),
  ADD KEY `FK_sys_userrole` (`UserRoleId`),
  ADD KEY `FK_sys_user_unit` (`UserUnitId`);

--
-- Indeks untuk tabel `sys_user_autologin`
--
ALTER TABLE `sys_user_autologin`
  ADD PRIMARY KEY (`key_id`,`user_id`),
  ADD KEY `FK_autologin_user` (`user_id`);

--
-- Indeks untuk tabel `sys_user_group`
--
ALTER TABLE `sys_user_group`
  ADD PRIMARY KEY (`UserGroupId`),
  ADD UNIQUE KEY `UNIQUE` (`UserGroupUserId`,`UserGroupGroupId`),
  ADD KEY `FK_ci_user_group` (`UserGroupUserId`),
  ADD KEY `FK_ci_user_groupa` (`UserGroupGroupId`);

--
-- AUTO_INCREMENT untuk tabel yang dibuang
--

--
-- AUTO_INCREMENT untuk tabel `dokumen`
--
ALTER TABLE `dokumen`
  MODIFY `dokId` int(11) NOT NULL AUTO_INCREMENT, AUTO_INCREMENT=6;

--
-- AUTO_INCREMENT untuk tabel `dokumen_paraf`
--
ALTER TABLE `dokumen_paraf`
  MODIFY `dokprId` int(11) NOT NULL AUTO_INCREMENT, AUTO_INCREMENT=16;

--
-- AUTO_INCREMENT untuk tabel `dokumen_penandatangan`
--
ALTER TABLE `dokumen_penandatangan`
  MODIFY `dokttdId` int(11) NOT NULL AUTO_INCREMENT, AUTO_INCREMENT=10;

--
-- AUTO_INCREMENT untuk tabel `pejabat_ref`
--
ALTER TABLE `pejabat_ref`
  MODIFY `pjbId` int(11) NOT NULL AUTO_INCREMENT, AUTO_INCREMENT=11;

--
-- AUTO_INCREMENT untuk tabel `ref_dokumen_jenis`
--
ALTER TABLE `ref_dokumen_jenis`
  MODIFY `jnsId` int(11) NOT NULL AUTO_INCREMENT, AUTO_INCREMENT=5;

--
-- AUTO_INCREMENT untuk tabel `sys_backup_app`
--
ALTER TABLE `sys_backup_app`
  MODIFY `BackupId` int(11) NOT NULL AUTO_INCREMENT;

--
-- AUTO_INCREMENT untuk tabel `sys_backup_db`
--
ALTER TABLE `sys_backup_db`
  MODIFY `BackupId` int(11) NOT NULL AUTO_INCREMENT;

--
-- AUTO_INCREMENT untuk tabel `sys_captcha`
--
ALTER TABLE `sys_captcha`
  MODIFY `captcha_id` bigint(13) UNSIGNED NOT NULL AUTO_INCREMENT, AUTO_INCREMENT=43;

--
-- AUTO_INCREMENT untuk tabel `sys_config`
--
ALTER TABLE `sys_config`
  MODIFY `ConfigId` int(10) UNSIGNED NOT NULL AUTO_INCREMENT, AUTO_INCREMENT=3;

--
-- AUTO_INCREMENT untuk tabel `sys_group`
--
ALTER TABLE `sys_group`
  MODIFY `GroupId` int(11) NOT NULL AUTO_INCREMENT;

--
-- AUTO_INCREMENT untuk tabel `sys_log`
--
ALTER TABLE `sys_log`
  MODIFY `LogId` bigint(20) UNSIGNED NOT NULL AUTO_INCREMENT;

--
-- AUTO_INCREMENT untuk tabel `sys_login_attempts`
--
ALTER TABLE `sys_login_attempts`
  MODIFY `id` bigint(20) NOT NULL AUTO_INCREMENT;

--
-- AUTO_INCREMENT untuk tabel `sys_menu`
--
ALTER TABLE `sys_menu`
  MODIFY `MenuId` int(11) NOT NULL AUTO_INCREMENT, AUTO_INCREMENT=51;

--
-- AUTO_INCREMENT untuk tabel `sys_menu_action`
--
ALTER TABLE `sys_menu_action`
  MODIFY `MenuActionId` int(11) NOT NULL AUTO_INCREMENT, AUTO_INCREMENT=346;

--
-- AUTO_INCREMENT untuk tabel `sys_notif`
--
ALTER TABLE `sys_notif`
  MODIFY `NotifId` int(11) NOT NULL AUTO_INCREMENT;

--
-- AUTO_INCREMENT untuk tabel `sys_syncron`
--
ALTER TABLE `sys_syncron`
  MODIFY `SyncronId` int(11) NOT NULL AUTO_INCREMENT;

--
-- AUTO_INCREMENT untuk tabel `sys_unit`
--
ALTER TABLE `sys_unit`
  MODIFY `UnitId` int(11) NOT NULL AUTO_INCREMENT, AUTO_INCREMENT=17;

--
-- AUTO_INCREMENT untuk tabel `sys_user`
--
ALTER TABLE `sys_user`
  MODIFY `UserId` int(11) NOT NULL AUTO_INCREMENT, AUTO_INCREMENT=52;

--
-- AUTO_INCREMENT untuk tabel `sys_user_group`
--
ALTER TABLE `sys_user_group`
  MODIFY `UserGroupId` int(11) NOT NULL AUTO_INCREMENT, AUTO_INCREMENT=2;

--
-- Ketidakleluasaan untuk tabel pelimpahan (Dumped Tables)
--

--
-- Ketidakleluasaan untuk tabel `dokumen`
--
ALTER TABLE `dokumen`
  ADD CONSTRAINT `dokumen_ibfk_1` FOREIGN KEY (`dokJnsId`) REFERENCES `ref_dokumen_jenis` (`jnsId`),
  ADD CONSTRAINT `dokumen_ibfk_2` FOREIGN KEY (`dokUsrTtd`) REFERENCES `pejabat_ref` (`pjbId`);

--
-- Ketidakleluasaan untuk tabel `dokumen_paraf`
--
ALTER TABLE `dokumen_paraf`
  ADD CONSTRAINT `dokumen_paraf_ibfk_1` FOREIGN KEY (`dokprDokId`) REFERENCES `dokumen` (`dokId`),
  ADD CONSTRAINT `dokumen_paraf_ibfk_2` FOREIGN KEY (`dokprPjbId`) REFERENCES `pejabat_ref` (`pjbId`);

--
-- Ketidakleluasaan untuk tabel `dokumen_penandatangan`
--
ALTER TABLE `dokumen_penandatangan`
  ADD CONSTRAINT `dokumen_penandatangan_ibfk_1` FOREIGN KEY (`dokttdDokId`) REFERENCES `dokumen` (`dokId`),
  ADD CONSTRAINT `dokumen_penandatangan_ibfk_2` FOREIGN KEY (`dokttdPjbId`) REFERENCES `pejabat_ref` (`pjbId`);

--
-- Ketidakleluasaan untuk tabel `pejabat_ref`
--
ALTER TABLE `pejabat_ref`
  ADD CONSTRAINT `FK_pjb_user` FOREIGN KEY (`pjbUserId`) REFERENCES `sys_user` (`UserId`) ON UPDATE CASCADE;

--
-- Ketidakleluasaan untuk tabel `sys_config`
--
ALTER TABLE `sys_config`
  ADD CONSTRAINT `FK_ci_config` FOREIGN KEY (`ConfigUnitId`) REFERENCES `sys_unit` (`UnitId`) ON DELETE NO ACTION;

--
-- Ketidakleluasaan untuk tabel `sys_group_detail`
--
ALTER TABLE `sys_group_detail`
  ADD CONSTRAINT `FK_sys_group_detail_group` FOREIGN KEY (`GroupDetailGroupId`) REFERENCES `sys_group` (`GroupId`) ON UPDATE CASCADE,
  ADD CONSTRAINT `FK_sys_group_detail_menu_action` FOREIGN KEY (`GroupDetailMenuActionId`) REFERENCES `sys_menu_action` (`MenuActionId`) ON DELETE CASCADE ON UPDATE CASCADE;

--
-- Ketidakleluasaan untuk tabel `sys_log`
--
ALTER TABLE `sys_log`
  ADD CONSTRAINT `FK_ci_log` FOREIGN KEY (`LogUserId`) REFERENCES `sys_user` (`UserId`) ON DELETE NO ACTION ON UPDATE CASCADE;

--
-- Ketidakleluasaan untuk tabel `sys_menu_action`
--
ALTER TABLE `sys_menu_action`
  ADD CONSTRAINT `FK_sys_menu_action_menu` FOREIGN KEY (`MenuActionMenuId`) REFERENCES `sys_menu` (`MenuId`) ON DELETE CASCADE ON UPDATE CASCADE;

--
-- Ketidakleluasaan untuk tabel `sys_syncron`
--
ALTER TABLE `sys_syncron`
  ADD CONSTRAINT `FK_sys_syncron_unt` FOREIGN KEY (`SyncronUnitId`) REFERENCES `sys_unit` (`UnitId`) ON UPDATE CASCADE;

--
-- Ketidakleluasaan untuk tabel `sys_user`
--
ALTER TABLE `sys_user`
  ADD CONSTRAINT `FK_sys_user_unit` FOREIGN KEY (`UserUnitId`) REFERENCES `sys_unit` (`UnitId`) ON DELETE NO ACTION ON UPDATE CASCADE,
  ADD CONSTRAINT `FK_sys_userrole` FOREIGN KEY (`UserRoleId`) REFERENCES `sys_role` (`roleId`) ON DELETE NO ACTION ON UPDATE NO ACTION;

--
-- Ketidakleluasaan untuk tabel `sys_user_autologin`
--
ALTER TABLE `sys_user_autologin`
  ADD CONSTRAINT `FK_autologin_user` FOREIGN KEY (`user_id`) REFERENCES `sys_user` (`UserId`) ON DELETE CASCADE ON UPDATE CASCADE;

--
-- Ketidakleluasaan untuk tabel `sys_user_group`
--
ALTER TABLE `sys_user_group`
  ADD CONSTRAINT `FK_sys_user_group_group` FOREIGN KEY (`UserGroupGroupId`) REFERENCES `sys_group` (`GroupId`) ON UPDATE CASCADE,
  ADD CONSTRAINT `FK_sys_user_group_user` FOREIGN KEY (`UserGroupUserId`) REFERENCES `sys_user` (`UserId`) ON DELETE CASCADE ON UPDATE CASCADE;
COMMIT;

/*!40101 SET CHARACTER_SET_CLIENT=@OLD_CHARACTER_SET_CLIENT */;
/*!40101 SET CHARACTER_SET_RESULTS=@OLD_CHARACTER_SET_RESULTS */;
/*!40101 SET COLLATION_CONNECTION=@OLD_COLLATION_CONNECTION */;
